Workbook

Sheet Sheet1
A1: Adresse | B1: Salgspris | C1: Salgsdato | D1: Værelser | E1: Kvm | F1: Prisjustering | G1: Pris_kvm | H1: URL | I1: Rækkefølge | J1: id | K1: vejnavn | L1: husnr | M1: etage | N1: dør | O1: postnr | P1: postnrnavn | Q1: matrikelnr | R1: esrejendomsnr | S1: etrs89koordinat_øst | T1: etrs89koordinat_nord | U1: wgs84koordinat_bredde | V1: wgs84koordinat_længde | W1: ddkn_km1 | X1: sognenavn | Y1: opstillingskredsnavn | Z1: zone | AA1: højde | AB1: afstemningsområdenavn | AC1: Fiber | AD1: Støj | AE1: Radon | AF1: Hårdhed af vand | AG1: Afstand risikovirksomhed | AH1: Afstand vindmølle | AI1: Asbest | AJ1: PCB | AK1: Tungmetaller | AL1: Anvendelse | AM1: Boligtype | AN1: Opførselsesår | AO1: Ombygningsår | AP1: Fredning | AQ1: Ejerforhold | AR1: Køkkenforhold | AS1: Antal Etager | AT1: Antal toiletter | AU1: Antal badeværelser | AV1: Antal værelser | AW1: Ydervægsmateriale | AX1: Tagmateriale | AY1: Varmeinstallation | AZ1: Opvarmningsmiddel | BA1: Supplerende varme | BB1: Bygning samlet areal | BC1: Borgerservice | BD1: Hovedbanegård | BE1: Centrum | BF1: Kyst | BG1: Energimærke | BH1: Area
A2: Ceresbyen 66, 3. 2, 8000 Aarhus C | B2: 3950000 | C2: 44242 | D2: 3 | E2: 96 | G2: 41145.833 | H2: https://www.dingeo.dk/adresse/8000-Aarhus-C/Ceresbyen-66/3-2 | I2: 1 | J2: 7eb4b108-7486-48d5-83cb-7e2c4ed71458 | K2: Ceresbyen | L2: 66 | M2: 3 | N2: 2 | O2: 8000 | P2: Aarhus C | Q2: 1276a | R2: 407742 | S2: 574188.11 | T2: 6224161 | U2: 56.156688 | V2: 10.194395 | W2: 1km_6224_574 | X2: Vor Frue | Y2: Aarhus Nord | Z2: Byzone | AA2: 4.5 | AB2: VIA University College | AC2: 1 | AD2: 3 | AE2: Meget lav | AF2: 12 - 18 | AG2: Afstand: 1,74 km | AH2: Afstand: 11,00 km | AI2: ✓Asbest | AJ2: ✓PCB | AK2: !Tungmetaller | AL2: Bolig i etageejendom, flerfamiliehus eller to-familiehus | AM2: Egentlig beboelseslejlighed (boligenhed med eget køkken) | AN2: 2017 | AO2: - | AP2: - | AQ2: Aktie-, anpart- eller andet selskab (undtagen interessent­skab) | AR2: Eget køkken med afløb | AS2: 9 | AT2: 1 | AU2: 1 | AV2: 3 | AW2: Betonelementer | AX2: Tagpap med lille hældning | AY2: Fjernvarme/blokvarme | AZ2: - | BA2: (UDFASES) Bygningen har ingen supplerende varme | BB2: 5335 m2 | BC2: 1221.5548 | BD2: 953.59872 | BE2: 755.46827 | BF2: 1183.6876 | BG2: A2020 | BH2: Ceresbyen
A3: Tage-Hansens Gade 7, 5. tv, 8000 Aarhus C | B3: 2110000 | C3: 44237 | D3: 2 | E3: 69 | F3: -4 | G3: 30579.71 | H3: https://www.dingeo.dk/adresse/8000-Aarhus-C/Tage--Hansens-Gade-7/5-tv | I3: 2 | J3: 0a3f50c4-70d3-32b8-e044-0003ba298018 | K3: Tage-Hansens Gade | L3: 7 | M3: 5 | N3: tv | O3: 8000 | P3: Aarhus C | Q3: 12fa | R3: 488521 | S3: 573552.19 | T3: 6224251 | U3: 56.157595 | V3: 10.184184 | W3: 1km_6224_573 | X3: Møllevang | Y3: Aarhus Nord | Z3: Byzone | AA3: 19.5 | AB3: VIA University College | AC3: 0 | AD3: 1 | AE3: Meget lav | AF3: 12 - 18 | AG3: Afstand: 2,30 km | AH3: Afstand: 11,00 km | AI3: !Asbest | AJ3: !PCB | AK3: !Tungmetaller | AL3: Bolig i etageejendom, flerfamiliehus eller to-familiehus | AM3: Egentlig beboelseslejlighed (boligenhed med eget køkken) | AN3: 1945 | AO3: - | AP3: - | AQ3: Privatpersoner eller interessentskab | AR3: Eget køkken med afløb | AS3: 6 | AT3: 1 | AU3: 1 | AV3: 2 | AW3: Mursten | AX3: Tegl | AY3: Fjernvarme/blokvarme | AZ3: - | BA3: (UDFASES) Bygningen har ingen supplerende varme | BB3: 1203 m2 | BC3: 1857.3143 | BD3: 1506.5493 | BE3: 1391.153 | BF3: 1823.2921 | BG3: C | BH3: Vesterbro
A4: Irma Pedersens Gade 15, 4. 3, 8000 Aarhus C | B4: 1808158 | C4: 44228 | D4: 3 | E4: 100 | F4: -55 | G4: 18081.58 | H4: https://www.dingeo.dk/adresse/8000-Aarhus-C/Irma-Pedersens-Gade-15/4-3 | I4: 3 | J4: 90fd219a-b6e7-4a7c-8c7b-33314a75686b | K4: Irma Pedersens Gade | L4: 15 | M4: 4 | N4: 3 | O4: 8000 | P4: Aarhus C | Q4: 2148ep | R4: 992149 | S4: 576266.63 | T4: 6224961.9 | U4: 56.163554 | V4: 10.228079 | W4: 1km_6224_576 | X4: Aarhus Domsogn | Y4: Aarhus Øst | Z4: Byzone | AA4: 1.9 | AB4: DOKK1 | AC4: 1 | AD4: 1 | AE4: Meget lav | AF4: 12 - 18 | AG4: Afstand: 936 meter | AH4: Afstand: 12,00 km | AI4: ✓Asbest | AJ4: ✓PCB | AK4: !Tungmetaller | AL4: Bolig i etageejendom, flerfamiliehus eller to-familiehus | AM4: Egentlig beboelseslejlighed (boligenhed med eget køkken) | AN4: 2019 | AO4: - | AP4: - | AQ4: Privatpersoner eller interessentskab | AR4: Eget køkken med afløb | AS4: 17 | AT4: 1 | AU4: 1 | AV4: 3 | AW4: Betonelementer | AX4: Tagpap med lille hældning | AY4: Fjernvarme/blokvarme | AZ4: - | BA4: - | BB4: 32178 m2 | BC4: 1473.1527 | BD4: 2069.0639 | BE4: 1530.0307 | BF4: 337.96614 | BG4: A2015 | BH4: Århus Ø
A5: Ceres Allé 7, 12. 6, 8000 Aarhus C | B5: 1957500 | C5: 44227 | D5: 3 | E5: 97 | G5: 20180.412 | H5: https://www.dingeo.dk/adresse/8000-Aarhus-C/Ceres-Allé-7/12-6 | I5: 4 | J5: a9d920e8-dd17-44b9-846b-30803d590c0e | K5: Ceres Allé | L5: 7 | M5: 12 | N5: 6 | O5: 8000 | P5: Aarhus C | Q5: 4z | R5: 72961 | S5: 573994.8 | T5: 6223924.3 | U5: 56.154591 | V5: 10.191218 | W5: 1km_6223_573 | X5: Vor Frue | Y5: Aarhus Nord | Z5: Byzone | AA5: 4.2 | AB5: VIA University College | AC5: 1 | AD5: 1 | AE5: Meget lav | AF5: 12 - 18 | AG5: Afstand: 1,74 km | AH5: Afstand: 11,00 km | AI5: ✓Asbest | AJ5: ✓PCB | AK5: !Tungmetaller | AL5: Bolig i etageejendom, flerfamiliehus eller to-familiehus | AM5: Egentlig beboelseslejlighed (boligenhed med eget køkken) | AN5: 2016 | AO5: - | AP5: - | AQ5: Privatpersoner eller interessentskab | AR5: Eget køkken med afløb | AS5: 19 | AT5: 1 | AU5: 1 | AV5: 3 | AW5: Betonelementer | AX5: Tagpap med lille hældning | AY5: Fjernvarme/blokvarme | AZ5: - | BA5: (UDFASES) Bygningen har ingen supplerende varme | BB5: 17885 m2 | BC5: 1365.8123 | BD5: 960.27174 | BE5: 983.69389 | BF5: 1379.1071 | BG5: A2015 | BH5: Ceresbyen
A6: Schleppegrellsgade 28, 1. th, 8000 Aarhus C | B6: 1820000 | C6: 44227 | D6: 2 | E6: 44 | F6: -4 | G6: 41363.636 | H6: https://www.dingeo.dk/adresse/8000-Aarhus-C/Schleppegrellsgade-28/1-th | I6: 5 | J6: 0a3f50c4-0f6c-32b8-e044-0003ba298018 | K6: Schleppegrellsgade | L6: 28 | M6: 1 | N6: th | O6: 8000 | P6: Aarhus C | Q6: 801i | R6: 405065 | S6: 574063.69 | T6: 6223184 | U6: 56.147931 | V6: 10.192121 | W6: 1km_6223_574 | X6: Sankt Lukas | Y6: Aarhus Syd | Z6: Byzone | AA6: 11.4 | AB6: Lokalcenter Fr.Bjerg/Langenæs | AC6: 1 | AD6: 2 | AE6: Meget lav | AF6: 12 - 18 | AG6: Afstand: 1,38 km | AH6: Afstand: 11,00 km | AI6: ✓Asbest | AJ6: !PCB | AK6: !Tungmetaller | AL6: Bolig i etageejendom, flerfamiliehus eller to-familiehus | AM6: Egentlig beboelseslejlighed (boligenhed med eget køkken) | AN6: 1900 | AO6: - | AP6: - | AQ6: Aktie-, anpart- eller andet selskab (undtagen interessent­skab) | AR6: Eget køkken med afløb | AS6: 5 | AT6: 1 | AU6: 0 | AV6: 2 | AW6: Mursten | AX6: Tegl | AY6: Fjernvarme/blokvarme | AZ6: - | BA6: (UDFASES) Bygningen har ingen supplerende varme | BB6: 546 m2 | BC6: 1431.364 | BD6: 821.59269 | BE6: 1333.9141 | BF6: 1336.0196 | BG6: E | BH6: Frederiksbjerg
A7: Skovvejen 75, st, 8000 Aarhus C | B7: 2250000 | C7: 44222 | D7: 2 | E7: 47 | F7: 5 | G7: 47872.34 | H7: https://www.dingeo.dk/adresse/8000-Aarhus-C/Skovvejen-75/st | I7: 6 | J7: 0a3f50c4-362b-32b8-e044-0003ba298018 | K7: Skovvejen | L7: 75 | M7: st | O7: 8000 | P7: Aarhus C | Q7: 1427 | R7: 435908 | S7: 575632.75 | T7: 6225287 | U7: 56.166575 | V7: 10.217967 | W7: 1km_6225_575 | X7: Sankt Johannes | Y7: Aarhus Øst | Z7: Byzone | AA7: 10.4 | AB7: DOKK1 | AC7: 0 | AD7: 5 | AE7: Meget lav | AF7: 12 - 18 | AG7: Afstand: 1,37 km | AH7: Afstand: 12,00 km | AI7: !Asbest | AJ7: ✓PCB | AK7: !Tungmetaller | AL7: Bolig i etageejendom, flerfamiliehus eller to-familiehus | AM7: Egentlig beboelseslejlighed (boligenhed med eget køkken) | AN7: 1900 | AO7: 1981 | AP7: - | AQ7: Privatpersoner eller interessentskab | AR7: Eget køkken med afløb | AS7: 3 | AT7: 1 | AU7: 1 | AV7: 2 | AW7: Mursten | AX7: Fibercement herunder asbest | AY7: Fjernvarme/blokvarme | AZ7: - | BA7: (UDFASES) Bygningen har ingen supplerende varme | BB7: 162 m2 | BC7: 1511.0946 | BD7: 1989.6368 | BE7: 1296.7259 | BF7: 151.60514 | BG7: C | BH7: Trøjborg
A8: Studsgade 28, 1. th, 8000 Aarhus C | B8: 2850000 | C8: 44221 | D8: 3 | E8: 77 | F8: -6 | G8: 37012.987 | H8: https://www.dingeo.dk/adresse/8000-Aarhus-C/Studsgade-28/1-th | I8: 7 | J8: 0a3f50c4-6177-32b8-e044-0003ba298018 | K8: Studsgade | L8: 28 | M8: 1 | N8: th | O8: 8000 | P8: Aarhus C | Q8: 1053 | R8: 473648 | S8: 575221.56 | T8: 6224535.5 | U8: 56.15989 | V8: 10.211135 | W8: 1km_6224_575 | X8: Aarhus Domsogn | Y8: Aarhus Øst | Z8: Byzone | AA8: 3.7 | AB8: DOKK1 | AC8: 0 | AD8: 3 | AE8: Meget lav | AF8: 12 - 18 | AG8: Afstand: 1,06 km | AH8: Afstand: 12,00 km | AI8: ✓Asbest | AJ8: !PCB | AK8: !Tungmetaller | AL8: Bolig i etageejendom, flerfamiliehus eller to-familiehus | AM8: Egentlig beboelseslejlighed (boligenhed med eget køkken) | AN8: 1894 | AO8: 1979 | AP8: - | AQ8: Aktie-, anpart- eller andet selskab (undtagen interessent­skab) | AR8: Eget køkken med afløb | AS8: 2 | AT8: 1 | AU8: 1 | AV8: 3 | AW8: Mursten | AX8: Tegl | AY8: Fjernvarme/blokvarme | AZ8: - | BA8: (UDFASES) Bygningen har ingen supplerende varme | BB8: 271 m2 | BC8: 746.88283 | BD8: 1139.4011 | BE8: 444.70645 | BF8: 216.57691 | BG8: D | BH8: Latinerkvarteret
A9: Regenburgsgade 6, 3. tv, 8000 Aarhus C | B9: 1987500 | C9: 44221 | D9: 2 | E9: 66 | F9: -7 | G9: 30113.636 | H9: https://www.dingeo.dk/adresse/8000-Aarhus-C/Regenburgsgade-6/3-tv | I9: 8 | J9: 0a3f50c3-e807-32b8-e044-0003ba298018 | K9: Regenburgsgade | L9: 6 | M9: 3 | N9: tv | O9: 8000 | P9: Aarhus C | Q9: 12ev | R9: 375778 | S9: 573537 | T9: 6224207.5 | U9: 56.157206 | V9: 10.183928 | W9: 1km_6224_573 | X9: Møllevang | Y9: Aarhus Nord | Z9: Byzone | AA9: 17.6 | AB9: VIA University College | AC9: 0 | AD9: 1 | AE9: Meget lav | AF9: 12 - 18 | AG9: Afstand: 2,28 km | AH9: Afstand: 11,00 km | AI9: !Asbest | AJ9: !PCB | AK9: !Tungmetaller | AL9: Bolig i etageejendom, flerfamiliehus eller to-familiehus | AM9: Egentlig beboelseslejlighed (boligenhed med eget køkken) | AN9: 1945 | AO9: - | AP9: - | AQ9: Privatpersoner eller interessentskab | AR9: Eget køkken med afløb | AS9: 6 | AT9: 1 | AU9: 1 | AV9: 2 | AW9: Mursten | AX9: Tegl | AY9: Fjernvarme/blokvarme | AZ9: - | BA9: (UDFASES) Bygningen har ingen supplerende varme | BB9: 716 m2 | BC9: 1862.047 | BD9: 1497.3617 | BE9: 1404.9896 | BF9: 1836.1869 | BG9: C | BH9: Vesterbro
A10: Sjællandsgade 5, 1, 8000 Aarhus C | B10: 2900000 | C10: 44220 | D10: 4 | E10: 87 | F10: -3 | G10: 33333.333 | H10: https://www.dingeo.dk/adresse/8000-Aarhus-C/Sjællandsgade-5/1 | I10: 9 | J10: 0a3f50c4-188d-32b8-e044-0003ba298018 | K10: Sjællandsgade | L10: 5 | M10: 1 | O10: 8000 | P10: Aarhus C | Q10: 1000a | R10: 415559 | S10: 575103.56 | T10: 6224676.5 | U10: 56.161175 | V10: 10.209275 | W10: 1km_6224_575 | X10: Aarhus Domsogn | Y10: Aarhus Øst | Z10: Byzone | AA10: 5.7 | AB10: Samsøgades Skole | AC10: 1 | AD10: 1 | AE10: Meget lav | AF10: 12 - 18 | AG10: Afstand: 1,24 km | AH10: Afstand: 12,00 km | AI10: ✓Asbest | AJ10: !PCB | AK10: !Tungmetaller | AL10: Bolig i etageejendom, flerfamiliehus eller to-familiehus | AM10: Egentlig beboelseslejlighed (boligenhed med eget køkken) | AN10: 1877 | AO10: 2013 | AP10: - | AQ10: Privatpersoner eller interessentskab | AR10: Eget køkken med afløb | AS10: 2 | AT10: 1 | AU10: 1 | AV10: 4 | AW10: Mursten | AX10: Tegl | AY10: Fjernvarme/blokvarme | AZ10: - | BA10: (UDFASES) Bygningen har ingen supplerende varme | BB10: 304 m2 | BC10: 911.44945 | BD10: 1242.818 | BE10: 514.4751 | BF10: 369.0851 | BG10: D | BH10: Øgadekvarteret
A11: Sønderborggade 13, 2. mf, 8000 Aarhus C | B11: 1050000 | C11: 44217 | D11: 1 | E11: 35 | G11: 30000 | H11: https://www.dingeo.dk/adresse/8000-Aarhus-C/Sønderborggade-13/2-mf | I11: 10 | J11: 0a3f50c4-67d1-32b8-e044-0003ba298018 | K11: Sønderborggade | L11: 13 | M11: 2 | N11: mf | O11: 8000 | P11: Aarhus C | Q11: 727az | R11: 481217 | S11: 573402.07 | T11: 6222407 | U11: 56.141053 | V11: 10.18126 | W11: 1km_6222_573 | X11: Langenæs | Y11: Aarhus Syd | Z11: Byzone | AA11: 16.4 | AB11: Lokalcenter Fr.Bjerg/Langenæs | AC11: 0 | AD11: 1 | AE11: Meget lav | AF11: 12 - 18 | AG11: Afstand: 2,10 km | AH11: Afstand: 10,00 km | AI11: ✓Asbest | AJ11: !PCB | AK11: !Tungmetaller | AL11: Bolig i etageejendom, flerfamiliehus eller to-familiehus | AM11: Egentlig beboelseslejlighed (boligenhed med eget køkken) | AN11: 1960 | AO11: - | AP11: - | AQ11: Privatpersoner eller interessentskab | AR11: Eget køkken med afløb | AS11: 3 | AT11: 1 | AU11: 1 | AV11: 1 | AW11: Mursten | AX11: Tegl | AY11: Fjernvarme/blokvarme | AZ11: - | BA11: (UDFASES) Bygningen har ingen supplerende varme | BB11: 2391 m2 | BC11: 2398.5943 | BD11: 1779.9382 | BE11: 2353.5519 | BF11: 1843.4031 | BG11: D | BH11: Langenæs
A12: Paradisgade 5, st. th, 8000 Aarhus C | B12: 1390000 | C12: 44217 | D12: 2 | E12: 44 | F12: -7 | G12: 31590.909 | H12: https://www.dingeo.dk/adresse/8000-Aarhus-C/Paradisgade-5/st-th | I12: 11 | J12: 0a3f50c3-db6b-32b8-e044-0003ba298018 | K12: Paradisgade | L12: 5 | M12: st | N12: th | O12: 8000 | P12: Aarhus C | Q12: 1070g | R12: 360673 | S12: 575132.81 | T12: 6224550.5 | U12: 56.160038 | V12: 10.20971 | W12: 1km_6224_575 | X12: Aarhus Domsogn | Y12: Aarhus Øst | Z12: Byzone | AA12: 3.3 | AB12: DOKK1 | AC12: 0 | AD12: 4 | AE12: Meget lav | AF12: 12 - 18 | AG12: Afstand: 1,14 km | AH12: Afstand: 12,00 km | AI12: ✓Asbest | AJ12: !PCB | AK12: ✓Tungmetaller | AL12: Bolig i etageejendom, flerfamiliehus eller to-familiehus | AM12: Egentlig beboelseslejlighed (boligenhed med eget køkken) | AN12: 1866 | AO12: 1988 | AP12: - | AQ12: Privatpersoner eller interessentskab | AR12: Eget køkken med afløb | AS12: 3 | AT12: 1 | AU12: 1 | AV12: 2 | AW12: Mursten | AX12: Tagpap med stor hældning | AY12: Fjernvarme/blokvarme | AZ12: - | BA12: (UDFASES) Bygningen har ingen supplerende varme | BB12: 528 m2 | BC12: 782.31999 | BD12: 1127.2761 | BE12: 409.06058 | BF12: 305.7877 | BG12: E | BH12: Latinerkvarteret
A13: Klostergade 10, 2. th, 8000 Aarhus C | B13: 5595000 | C13: 44216 | D13: 7 | E13: 161 | G13: 34751.553 | H13: https://www.dingeo.dk/adresse/8000-Aarhus-C/Klostergade-10/2-th | I13: 12 | J13: 0a3f50c3-6b47-32b8-e044-0003ba298018 | K13: Klostergade | L13: 10 | M13: 2 | N13: th | O13: 8000 | P13: Aarhus C | Q13: 1080a | R13: 252242 | S13: 575086.19 | T13: 6224437.5 | U13: 56.159031 | V13: 10.208928 | W13: 1km_6224_575 | X13: Aarhus Domsogn | Y13: Aarhus Øst | Z13: Byzone | AA13: 3.6 | AB13: DOKK1 | AC13: 0 | AD13: 4 | AE13: Meget lav | AF13: 12 - 18 | AG13: Afstand: 1,10 km | AH13: Afstand: 12,00 km | AI13: ✓Asbest | AJ13: !PCB | AK13: !Tungmetaller | AL13: Bolig i etageejendom, flerfamiliehus eller to-familiehus | AM13: Egentlig beboelseslejlighed (boligenhed med eget køkken) | AN13: 1898 | AO13: - | AP13: - | AQ13: Privatpersoner eller interessentskab | AR13: Eget køkken med afløb | AS13: 4 | AT13: 2 | AU13: 1 | AV13: 7 | AW13: Mursten | AX13: Tagpap med stor hældning | AY13: Fjernvarme/blokvarme | AZ13: - | BA13: (UDFASES) Bygningen har ingen supplerende varme | BB13: 1063 m2 | BC13: 691.71437 | BD13: 1006.1633 | BE13: 287.49895 | BF13: 320.00816 | BG13: F | BH13: Latinerkvarteret
A14: Vestergade 15C, 1. tv, 8000 Aarhus C | B14: 3250000 | C14: 44216 | D14: 2 | E14: 71 | F14: -1 | G14: 45774.648 | H14: https://www.dingeo.dk/adresse/8000-Aarhus-C/Vestergade-15C/1-tv | I14: 13 | J14: c38d820c-2c58-485e-ae45-c59c24b07ec5 | K14: Vestergade | L14: 15C | M14: 1 | N14: tv | O14: 8000 | P14: Aarhus C | Q14: 399d | R14: 989945 | S14: 574832.25 | T14: 6224239 | U14: 56.157288 | V14: 10.204785 | W14: 1km_6224_574 | X14: Vor Frue | Y14: Aarhus Øst | Z14: Byzone | AA14: 3.4 | AB14: Rådhushallen | AC14: 0 | AD14: 1 | AE14: Meget lav | AF14: 12 - 18 | AG14: Afstand: 1,24 km | AH14: Afstand: 12,00 km | AI14: ✓Asbest | AJ14: ✓PCB | AK14: !Tungmetaller | AL14: Bolig i etageejendom, flerfamiliehus eller to-familiehus | AM14: Egentlig beboelseslejlighed (boligenhed med eget køkken) | AN14: 2018 | AO14: - | AP14: - | AQ14: Privatpersoner eller interessentskab | AR14: Eget køkken med afløb | AS14: 4 | AT14: 1 | AU14: 1 | AV14: 2 | AW14: Betonelementer | AX14: Tagpap med lille hældning | AY14: Fjernvarme/blokvarme | AZ14: - | BA14: (UDFASES) Bygningen har ingen supplerende varme | BB14: 749 m2 | BC14: 683.23595 | BD14: 776.78071 | BE14: 123.57538 | BF14: 547.8823 | BG14: A2010 | BH14: Indreby
A15: Rådmand Liisbergs Gade 3, 4. tv, 8000 Aarhus C | B15: 3299000 | C15: 44215 | D15: 3 | E15: 72 | G15: 45819.444 | H15: https://www.dingeo.dk/adresse/8000-Aarhus-C/Rådmand-Liisbergs-Gade-3/4-tv | I15: 14 | J15: 0a3f50c4-05cb-32b8-e044-0003ba298018 | K15: Rådmand Liisbergs Gade | L15: 3 | M15: 4 | N15: tv | O15: 8000 | P15: Aarhus C | Q15: 924d | R15: 397747 | S15: 575370.37 | T15: 6224674.5 | U15: 56.161115 | V15: 10.21357 | W15: 1km_6224_575 | X15: Aarhus Domsogn | Y15: Aarhus Øst | Z15: Byzone | AA15: 4.3 | AB15: DOKK1 | AC15: 0 | AD15: 1 | AE15: Meget lav | AF15: 12 - 18 | AG15: Afstand: 1,04 km | AH15: Afstand: 12,00 km | AI15: ✓Asbest | AJ15: !PCB | AK15: !Tungmetaller | AL15: Bolig i etageejendom, flerfamiliehus eller to-familiehus | AM15: Egentlig beboelseslejlighed (boligenhed med eget køkken) | AN15: 1928 | AO15: - | AP15: - | AQ15: Privatpersoner eller interessentskab | AR15: Eget køkken med afløb | AS15: 5 | AT15: 1 | AU15: 1 | AV15: 3 | AW15: Mursten | AX15: Tegl | AY15: Fjernvarme/blokvarme | AZ15: - | BA15: (UDFASES) Bygningen har ingen supplerende varme | BB15: 665 m2 | BC15: 873.50776 | BD15: 1323.4869 | BE15: 646.6004 | BF15: 115.45009 | BG15: F | BH15: Trøjborg
A16: Borggade 7, 3. th, 8000 Aarhus C | B16: 2242000 | C16: 44213 | D16: 3 | E16: 100 | G16: 22420 | H16: https://www.dingeo.dk/adresse/8000-Aarhus-C/Borggade-7/3-th | I16: 15 | J16: 0a3f50c2-8736-32b8-e044-0003ba298018 | K16: Borggade | L16: 7 | M16: 3 | N16: th | O16: 8000 | P16: Aarhus C | Q16: 1081f | R16: 36965 | S16: 575066.44 | T16: 6224522 | U16: 56.159793 | V16: 10.208634 | W16: 1km_6224_575 | X16: Aarhus Domsogn | Y16: Aarhus Øst | Z16: Byzone | AA16: 3.8 | AB16: DOKK1 | AC16: 0 | AD16: 4 | AE16: Meget lav | AF16: 12 - 18 | AG16: Afstand: 1,17 km | AH16: Afstand: 12,00 km | AI16: ✓Asbest | AJ16: !PCB | AK16: !Tungmetaller | AL16: Bolig i etageejendom, flerfamiliehus eller to-familiehus | AM16: Egentlig beboelseslejlighed (boligenhed med eget køkken) | AN16: 1934 | AO16: - | AP16: - | AQ16: Privatpersoner eller interessentskab | AR16: Eget køkken med afløb | AS16: 5 | AT16: 1 | AU16: 1 | AV16: 3 | AW16: Mursten | AX16: Tegl | AY16: Fjernvarme/blokvarme | AZ16: - | BA16: (UDFASES) Bygningen har ingen supplerende varme | BB16: 904 m2 | BC16: 777.33522 | BD16: 1083.9647 | BE16: 356.28308 | BF16: 361.47559 | BG16: C | BH16: Latinerkvarteret
A17: Schleppegrellsgade 26, 4, 8000 Aarhus C | B17: 2100000 | C17: 44213 | D17: 2 | E17: 51 | F17: -2 | G17: 41176.471 | H17: https://www.dingeo.dk/adresse/8000-Aarhus-C/Schleppegrellsgade-26/4 | I17: 16 | J17: 0a3f50c4-0f5e-32b8-e044-0003ba298018 | K17: Schleppegrellsgade | L17: 26 | M17: 4 | O17: 8000 | P17: Aarhus C | Q17: 801o | R17: 404891 | S17: 574067.25 | T17: 6223175 | U17: 56.147849 | V17: 10.192175 | W17: 1km_6223_574 | X17: Sankt Lukas | Y17: Aarhus Syd | Z17: Byzone | AA17: 11.9 | AB17: Lokalcenter Fr.Bjerg/Langenæs | AC17: 1 | AD17: 1 | AE17: Meget lav | AF17: 12 - 18 | AG17: Afstand: 1,37 km | AH17: Afstand: 11,00 km | AI17: ✓Asbest | AJ17: !PCB | AK17: !Tungmetaller | AL17: Bolig i etageejendom, flerfamiliehus eller to-familiehus | AM17: Egentlig beboelseslejlighed (boligenhed med eget køkken) | AN17: 1901 | AO17: - | AP17: - | AQ17: Privatpersoner eller interessentskab | AR17: Eget køkken med afløb | AS17: 4 | AT17: 1 | AU17: 1 | AV17: 2 | AW17: Mursten | AX17: Tegl | AY17: Fjernvarme/blokvarme | AZ17: - | BA17: (UDFASES) Bygningen har ingen supplerende varme | BB17: 224 m2 | BC17: 1432.0721 | BD17: 821.35604 | BE17: 1338.3697 | BF17: 1331.0191 | BG17: D | BH17: Frederiksbjerg
A18: Jægergårdsgade 31, 2, 8000 Aarhus C | B18: 1775000 | C18: 44212 | D18: 1 | E18: 35 | F18: -3 | G18: 50714.286 | H18: https://www.dingeo.dk/adresse/8000-Aarhus-C/Jægergårdsgade-31/2 | I18: 17 | J18: 0a3f50c3-5406-32b8-e044-0003ba298018 | K18: Jægergårdsgade | L18: 31 | M18: 2 | O18: 8000 | P18: Aarhus C | Q18: 39f | R18: 818378 | S18: 574465.19 | T18: 6223217.5 | U18: 56.148169 | V18: 10.198591 | W18: 1km_6223_574 | X18: Sankt Pauls | Y18: Aarhus Øst | Z18: Byzone | AA18: 15.8 | AB18: Rådhushallen | AC18: 1 | AD18: 1 | AE18: Meget lav | AF18: 12 - 18 | AG18: Afstand: 986 meter | AH18: Afstand: 11,00 km | AI18: ✓Asbest | AJ18: !PCB | AK18: !Tungmetaller | AL18: Bolig i etageejendom, flerfamiliehus eller to-familiehus | AM18: Egentlig beboelseslejlighed (boligenhed med eget køkken) | AN18: 1875 | AO18: 1985 | AP18: - | AQ18: Aktie-, anpart- eller andet selskab (undtagen interessent­skab) | AR18: Eget køkken med afløb | AS18: 2 | AT18: 1 | AU18: 1 | AV18: 1 | AW18: Mursten | AX18: Tegl | AY18: Elvarme | AZ18: Elektricitet | BA18: (UDFASES) Bygningen har ingen supplerende varme | BB18: 88 m2 | BC18: 1064.97 | BD18: 445.59996 | BE18: 1081.3219 | BF18: 948.18644 | BG18: E | BH18: Frederiksbjerg
A19: Tøndergade 84, 1. th, 8000 Aarhus C | B19: 2125000 | C19: 44212 | D19: 3 | E19: 76 | F19: -5 | G19: 27960.526 | H19: https://www.dingeo.dk/adresse/8000-Aarhus-C/Tøndergade-84/1-th | I19: 18 | J19: 0a3f50c4-9320-32b8-e044-0003ba298018 | K19: Tøndergade | L19: 84 | M19: 1 | N19: th | O19: 8000 | P19: Aarhus C | Q19: 727e | R19: 518412 | S19: 573395.75 | T19: 6222352.5 | U19: 56.140565 | V19: 10.181143 | W19: 1km_6222_573 | X19: Langenæs | Y19: Aarhus Syd | Z19: Byzone | AA19: 15.2 | AB19: Lokalcenter Fr.Bjerg/Langenæs | AC19: 0 | AD19: 3 | AE19: Meget lav | AF19: 12 - 18 | AG19: Afstand: 2,12 km | AH19: Afstand: 10,00 km | AI19: !Asbest | AJ19: !PCB | AK19: !Tungmetaller | AL19: Bolig i etageejendom, flerfamiliehus eller to-familiehus | AM19: Egentlig beboelseslejlighed (boligenhed med eget køkken) | AN19: 1957 | AO19: - | AP19: - | AQ19: Privatpersoner eller interessentskab | AR19: Eget køkken med afløb | AS19: 3 | AT19: 1 | AU19: 1 | AV19: 3 | AW19: Mursten | AX19: Tegl | AY19: Fjernvarme/blokvarme | AZ19: - | BA19: (UDFASES) Bygningen har ingen supplerende varme | BB19: 931 m2 | BC19: 2435.748 | BD19: 1817.7776 | BE19: 2399.104 | BF19: 1834.6819 | BG19: D | BH19: Langenæs
A20: Åhusene 11, 7. 1, 8000 Aarhus C | B20: 3150000 | C20: 44210 | D20: 3 | E20: 69 | G20: 45652.174 | H20: https://www.dingeo.dk/adresse/8000-Aarhus-C/Åhusene-11/7-1 | I20: 19 | J20: b71394fa-2f86-424e-9f6b-74e279c94d76 | K20: Åhusene | L20: 11 | M20: 7 | N20: 1 | O20: 8000 | P20: Aarhus C | Q20: 2126au | R20: 986230 | S20: 573713.38 | T20: 6223732.5 | U20: 56.152912 | V20: 10.186635 | W20: 1km_6223_573 | X20: Vor Frue | Y20: Aarhus Øst | Z20: Byzone | AA20: 3 | AB20: Rådhushallen | AC20: 1 | AD20: 3 | AE20: Meget lav | AF20: 12 - 18 | AG20: Afstand: 1,89 km | AH20: Afstand: 11,00 km | AI20: ✓Asbest | AJ20: ✓PCB | AK20: !Tungmetaller | AL20: Bolig i etageejendom, flerfamiliehus eller to-familiehus | AM20: Egentlig beboelseslejlighed (boligenhed med eget køkken) | AN20: 2014 | AO20: - | AP20: - | AQ20: Privatpersoner eller interessentskab | AR20: Eget køkken med afløb | AS20: 10 | AT20: 1 | AU20: 1 | AV20: 3 | AW20: Mursten | AX20: Tagpap med stor hældning | AY20: Fjernvarme/blokvarme | AZ20: - | BA20: (UDFASES) Bygningen har ingen supplerende varme | BB20: 3020 m2 | BC20: 1642.5348 | BD20: 1154.7191 | BE20: 1310.1993 | BF20: 1671.7428 | BG20: B | BH20: Ceresbyen
A21: Augustenborggade 5, 5. tv, 8000 Aarhus C | B21: 2595000 | C21: 44210 | D21: 2 | E21: 59 | G21: 43983.051 | H21: https://www.dingeo.dk/adresse/8000-Aarhus-C/Augustenborggade-5/5-tv | I21: 20 | J21: 29e5cd02-18d6-680f-e044-0003ba298018 | K21: Augustenborggade | L21: 5 | M21: 5 | N21: tv | O21: 8000 | P21: Aarhus C | Q21: 716 | R21: 16603 | S21: 573619.25 | T21: 6223035.5 | U21: 56.146666 | V21: 10.184928 | W21: 1km_6223_573 | X21: Langenæs | Y21: Aarhus Syd | Z21: Byzone | AA21: 16.3 | AB21: Lokalcenter Fr.Bjerg/Langenæs | AC21: 0 | AD21: 1 | AE21: Meget lav | AF21: 12 - 18 | AG21: Afstand: 1,81 km | AH21: Afstand: 10,00 km | AI21: ✓Asbest | AJ21: !PCB | AK21: !Tungmetaller | AL21: Bolig i etageejendom, flerfamiliehus eller to-familiehus | AM21: Egentlig beboelseslejlighed (boligenhed med eget køkken) | AN21: 1938 | AO21: - | AP21: - | AQ21: Privatpersoner eller interessentskab | AR21: Eget køkken med afløb | AS21: 5 | AT21: 1 | AU21: 1 | AV21: 2 | AW21: Mursten | AX21: Tegl | AY21: Fjernvarme/blokvarme | AZ21: - | BA21: (UDFASES) Bygningen har ingen supplerende varme | BB21: 635 m2 | BC21: 1896.464 | BD21: 1289.2713 | BE21: 1753.8478 | BF21: 1763.1847 | BG21: D | BH21: Langenæs
A22: Joh. Baunes Plads 18, 2. tv, 8000 Aarhus C | B22: 3760000 | C22: 44209 | D22: 3 | E22: 98 | F22: -2 | G22: 38367.347 | H22: https://www.dingeo.dk/adresse/8000-Aarhus-C/Joh.-Baunes-Plads-18/2-tv | I22: 21 | J22: 0a3f50c3-4f11-32b8-e044-0003ba298018 | K22: Joh. Baunes Plads | L22: 18 | M22: 2 | N22: tv | O22: 8000 | P22: Aarhus C | Q22: 526 | R22: 224745 | S22: 574185.37 | T22: 6222367.5 | U22: 56.140577 | V22: 10.193851 | W22: 1km_6222_574 | X22: Sankt Lukas | Y22: Aarhus Syd | Z22: Byzone | AA22: 16.4 | AB22: Frederiksbjerg Hallerne | AC22: 1 | AD22: 1 | AE22: Meget lav | AF22: 12 - 18 | AG22: Afstand: 1,35 km | AH22: Afstand: 10,00 km | AI22: ✓Asbest | AJ22: !PCB | AK22: !Tungmetaller | AL22: Bolig i etageejendom, flerfamiliehus eller to-familiehus | AM22: Egentlig beboelseslejlighed (boligenhed med eget køkken) | AN22: 1933 | AO22: 2007 | AP22: - | AQ22: Privatpersoner eller interessentskab | AR22: Eget køkken med afløb | AS22: 5 | AT22: 1 | AU22: 1 | AV22: 3 | AW22: Mursten | AX22: Tegl | AY22: Fjernvarme/blokvarme | AZ22: - | BA22: (UDFASES) Bygningen har ingen supplerende varme | BB22: 860 m2 | BC22: 1850.5732 | BD22: 1274.1095 | BE22: 1971.2268 | BF22: 1093.7649 | BG22: C | BH22: Langenæs
A23: Åhusene 7, 2. 3, 8000 Aarhus C | B23: 2500000 | C23: 44209 | D23: 2 | E23: 52 | F23: -4 | G23: 48076.923 | H23: https://www.dingeo.dk/adresse/8000-Aarhus-C/Åhusene-7/2-3 | I23: 22 | J23: b1355a34-b75a-4842-9656-701ff36f67d8 | K23: Åhusene | L23: 7 | M23: 2 | N23: 3 | O23: 8000 | P23: Aarhus C | Q23: 2126ar | R23: 986227 | S23: 573786.44 | T23: 6223713.5 | U23: 56.15273 | V23: 10.187806 | W23: 1km_6223_573 | X23: Vor Frue | Y23: Aarhus Øst | Z23: Byzone | AA23: 2.9 | AB23: Rådhushallen | AC23: 1 | AD23: 3 | AE23: Meget lav | AF23: 12 - 18 | AG23: Afstand: 1,82 km | AH23: Afstand: 11,00 km | AI23: ✓Asbest | AJ23: ✓PCB | AK23: !Tungmetaller | AL23: Bolig i etageejendom, flerfamiliehus eller to-familiehus | AM23: Egentlig beboelseslejlighed (boligenhed med eget køkken) | AN23: 2013 | AO23: - | AP23: - | AQ23: Privatpersoner eller interessentskab | AR23: Eget køkken med afløb | AS23: 10 | AT23: 1 | AU23: 1 | AV23: 2 | AW23: Mursten | AX23: Tagpap med stor hældning | AY23: Fjernvarme/blokvarme | AZ23: - | BA23: (UDFASES) Bygningen har ingen supplerende varme | BB23: 3020 m2 | BC23: 1570.6307 | BD23: 1079.3809 | BE23: 1249.1526 | BF23: 1601.5659 | BG23: B | BH23: Ceresbyen
A24: Valdemars Have 26, 5. tv, 8000 Aarhus C | B24: 7650000 | C24: 44209 | D24: 3 | E24: 119 | G24: 64285.714 | H24: https://www.dingeo.dk/adresse/8000-Aarhus-C/Valdemars-Have-26/5-tv | I24: 23 | J24: 12da5d00-555f-4a56-b512-9ed26b28afb7 | K24: Valdemars Have | L24: 26 | M24: 5 | N24: tv | O24: 8000 | P24: Aarhus C | Q24: 1294v | R24: 996487 | S24: 574378.73 | T24: 6223585.2 | U24: 56.151486 | V24: 10.197302 | W24: 1km_6223_574 | X24: Vor Frue | Y24: Aarhus Øst | Z24: Byzone | AA24: 13.6 | AB24: Rådhushallen | AC24: 1 | AD24: 1 | AE24: Meget lav | AF24: 12 - 18 | AG24: Afstand: 1,22 km | AH24: Afstand: 11,00 km | AI24: ✓Asbest | AJ24: ✓PCB | AK24: !Tungmetaller | AL24: Bolig i etageejendom, flerfamiliehus eller to-familiehus | AM24: Egentlig beboelseslejlighed (boligenhed med eget køkken) | AN24: 2019 | AO24: - | AP24: - | AQ24: Privatpersoner eller interessentskab | AR24: Eget køkken med afløb | AS24: 6 | AT24: 1 | AU24: 1 | AV24: 3 | AW24: Mursten | AX24: Levende tage | AY24: Fjernvarme/blokvarme | AZ24: - | BA24: - | BB24: 1860 m2 | BC24: 1000.648 | BD24: 474.79242 | BE24: 825.42834 | BF24: 1051.4954 | BG24: A2015 | BH24: Indreby
A25: Bernhardt Jensens Boulevard 111, 1. 2, 8000 Aarhus C | B25: 2970000 | C25: 44208 | D25: 2 | E25: 68 | F25: -1 | G25: 43676.471 | H25: https://www.dingeo.dk/adresse/8000-Aarhus-C/Bernhardt-Jensens-Boulevard-111/1-2 | I25: 24 | J25: b2a1cbfe-1682-40de-a8b1-95953faa2feb | K25: Bernhardt Jensens Boulevard | L25: 111 | M25: 1 | N25: 2 | O25: 8000 | P25: Aarhus C | Q25: 2148em | R25: 989931 | S25: 576178.62 | T25: 6225320.6 | U25: 56.16679 | V25: 10.226765 | W25: 1km_6225_576 | X25: Aarhus Domsogn | Y25: Aarhus Øst | Z25: Byzone | AA25: -4 | AB25: DOKK1 | AC25: 1 | AD25: 1 | AE25: Meget lav | AF25: 12 - 18 | AG25: Afstand: 1,29 km | AH25: Afstand: 12,00 km | AI25: ✓Asbest | AJ25: ✓PCB | AK25: !Tungmetaller | AL25: Bolig i etageejendom, flerfamiliehus eller to-familiehus | AM25: Egentlig beboelseslejlighed (boligenhed med eget køkken) | AN25: 2017 | AO25: - | AP25: - | AQ25: Privatpersoner eller interessentskab | AR25: Eget køkken med afløb | AS25: 10 | AT25: 1 | AU25: 1 | AV25: 2 | AW25: Betonelementer | AX25: Tagpap med lille hældning | AY25: Fjernvarme/blokvarme | AZ25: - | BA25: (UDFASES) Bygningen har ingen supplerende varme | BB25: 9636 m2 | BC25: 1726.2671 | BD25: 2289.7314 | BE25: 1673.7504 | BF25: 251.94596 | BG25: NA | BH25: Århus Ø
A26: Rosenkrantzgade 12B, 4, 8000 Aarhus C | B26: 2510000 | C26: 44208 | D26: 2 | E26: 54 | F26: -3 | G26: 46481.481 | H26: https://www.dingeo.dk/adresse/8000-Aarhus-C/Rosenkrantzgade-12B/4 | I26: 25 | J26: d0709be8-f72b-4d2f-9851-990f6e32e7ff | K26: Rosenkrantzgade | L26: 12B | M26: 4 | O26: 8000 | P26: Aarhus C | Q26: 1375 | R26: 384564 | S26: 574975.73 | T26: 6223679.5 | U26: 56.152239 | V26: 10.206937 | W26: 1km_6223_574 | X26: Aarhus Domsogn | Y26: Aarhus Øst | Z26: Byzone | AA26: 7.8 | AB26: Rådhushallen | AC26: 0 | AD26: 1 | AE26: Meget lav | AF26: 12 - 18 | AG26: Afstand: 861 meter | AH26: Afstand: 12,00 km | AI26: ✓Asbest | AJ26: !PCB | AK26: !Tungmetaller | AL26: Bolig i etageejendom, flerfamiliehus eller to-familiehus | AM26: Egentlig beboelseslejlighed (boligenhed med eget køkken) | AN26: 1875 | AO26: 2013 | AP26: - | AQ26: Privatpersoner eller interessentskab | AR26: Eget køkken med afløb | AS26: 4 | AT26: 1 | AU26: 1 | AV26: 2 | AW26: Mursten | AX26: Tegl | AY26: Fjernvarme/blokvarme | AZ26: - | BA26: (UDFASES) Bygningen har ingen supplerende varme | BB26: 328 m2 | BC26: 400.18584 | BD26: 256.91697 | BE26: 508.61035 | BF26: 450.27114 | BG26: E | BH26: Indreby
A27: Grønnegade 87, 4. th, 8000 Aarhus C | B27: 2295000 | C27: 44206 | D27: 2 | E27: 52 | G27: 44134.615 | H27: https://www.dingeo.dk/adresse/8000-Aarhus-C/Grønnegade-87/4-th | I27: 26 | J27: 0a3f50c2-fb52-32b8-e044-0003ba298018 | K27: Grønnegade | L27: 87 | M27: 4 | N27: th | O27: 8000 | P27: Aarhus C | Q27: 1940f | R27: 148771 | S27: 574562.44 | T27: 6224538.5 | U27: 56.16002 | V27: 10.200526 | W27: 1km_6224_574 | X27: Vor Frue | Y27: Aarhus Øst | Z27: Byzone | AA27: 9.6 | AB27: Rådhushallen | AC27: 1 | AD27: 4 | AE27: Meget lav | AF27: 12 - 18 | AG27: Afstand: 1,62 km | AH27: Afstand: 12,00 km | AI27: ✓Asbest | AJ27: !PCB | AK27: !Tungmetaller | AL27: Bolig i etageejendom, flerfamiliehus eller to-familiehus | AM27: Egentlig beboelseslejlighed (boligenhed med eget køkken) | AN27: 1917 | AO27: 2014 | AP27: - | AQ27: Privatpersoner eller interessentskab | AR27: Eget køkken med afløb | AS27: 5 | AT27: 1 | AU27: 1 | AV27: 2 | AW27: Mursten | AX27: Tegl | AY27: Fjernvarme/blokvarme | AZ27: - | BA27: (UDFASES) Bygningen har ingen supplerende varme | BB27: 1395 m2 | BC27: 1083.442 | BD27: 1110.9497 | BE27: 518.64965 | BF27: 851.33794 | BG27: F | BH27: Øgadekvarteret
A28: Odensegade 42, 5, 8000 Aarhus C | B28: 4000000 | C28: 44204 | D28: 3 | E28: 116 | G28: 34482.759 | H28: https://www.dingeo.dk/adresse/8000-Aarhus-C/Odensegade-42/5 | I28: 27 | J28: cacd4460-4739-4881-a611-4d56c3a72caa | K28: Odensegade | L28: 42 | M28: 5 | O28: 8000 | P28: Aarhus C | Q28: 742m | R28: 347979 | S28: 574568.06 | T28: 6222894 | U28: 56.145247 | V28: 10.200156 | W28: 1km_6222_574 | X28: Sankt Pauls | Y28: Aarhus Syd | Z28: Byzone | AA28: 20.5 | AB28: Frederiksbjerg Hallerne | AC28: 0 | AD28: 5 | AE28: Meget lav | AF28: 12 - 18 | AG28: Afstand: 837 meter | AH28: Afstand: 11,00 km | AI28: ✓Asbest | AJ28: !PCB | AK28: !Tungmetaller | AL28: Bolig i etageejendom, flerfamiliehus eller to-familiehus | AM28: Egentlig beboelseslejlighed (boligenhed med eget køkken) | AN28: 1907 | AO28: - | AP28: - | AQ28: Aktie-, anpart- eller andet selskab (undtagen interessent­skab) | AR28: Eget køkken med afløb | AS28: 5 | AT28: 1 | AU28: 1 | AV28: 3 | AW28: Mursten | AX28: Tegl | AY28: Fjernvarme/blokvarme | AZ28: - | BA28: (UDFASES) Bygningen har ingen supplerende varme | BB28: 962 m2 | BC28: 1201.7307 | BD28: 629.08741 | BE28: 1346.737 | BF28: 815.00534 | BG28: D | BH28: Frederiksbjerg
A29: Janus La Cours Gade 20, 2. tv, 8000 Aarhus C | B29: 3499000 | C29: 44203 | D29: 3 | E29: 83 | G29: 42156.627 | H29: https://www.dingeo.dk/adresse/8000-Aarhus-C/Janus-La-Cours-Gade-20/2-tv | I29: 28 | J29: 0a3f50c3-4564-32b8-e044-0003ba298018 | K29: Janus La Cours Gade | L29: 20 | M29: 2 | N29: tv | O29: 8000 | P29: Aarhus C | Q29: 1286a | R29: 527489 | S29: 574304.06 | T29: 6224218.5 | U29: 56.157186 | V29: 10.196277 | W29: 1km_6224_574 | X29: Vor Frue | Y29: Aarhus Øst | Z29: Byzone | AA29: 3.7 | AB29: Rådhushallen | AC29: 0 | AD29: 1 | AE29: Meget lav | AF29: 12 - 18 | AG29: Afstand: 1,70 km | AH29: Afstand: 12,00 km | AI29: ✓Asbest | AJ29: ✓PCB | AK29: !Tungmetaller | AL29: Bolig i etageejendom, flerfamiliehus eller to-familiehus | AM29: Egentlig beboelseslejlighed (boligenhed med eget køkken) | AN29: 1984 | AO29: - | AP29: - | AQ29: Privatpersoner eller interessentskab | AR29: Eget køkken med afløb | AS29: 4 | AT29: 1 | AU29: 1 | AV29: 3 | AW29: Mursten | AX29: Tegl | AY29: Fjernvarme/blokvarme | AZ29: - | BA29: - | BB29: 3525 m2 | BC29: 1131.4184 | BD29: 925.31505 | BE29: 640.07022 | BF29: 1070.7602 | BG29: C | BH29: Indreby
A30: Banegårdsgade 31, 3, 8000 Aarhus C | B30: 1795000 | C30: 44202 | D30: 2 | E30: 50 | G30: 35900 | H30: https://www.dingeo.dk/adresse/8000-Aarhus-C/Banegårdsgade-31/3 | I30: 29 | J30: 0a3f50c2-7576-32b8-e044-0003ba298018 | K30: Banegårdsgade | L30: 31 | M30: 3 | O30: 8000 | P30: Aarhus C | Q30: 1321l | R30: 23502 | S30: 574671.69 | T30: 6223482 | U30: 56.150513 | V30: 10.201988 | W30: 1km_6223_574 | X30: Vor Frue | Y30: Aarhus Øst | Z30: Byzone | AA30: 13.3 | AB30: Rådhushallen | AC30: 0 | AD30: 5 | AE30: Meget lav | AF30: 12 - 18 | AG30: Afstand: 917 meter | AH30: Afstand: 11,00 km | AI30: ✓Asbest | AJ30: !PCB | AK30: !Tungmetaller | AL30: Bolig i etageejendom, flerfamiliehus eller to-familiehus | AM30: Egentlig beboelseslejlighed (boligenhed med eget køkken) | AN30: 1877 | AO30: 1990 | AP30: - | AQ30: Privatpersoner eller interessentskab | AR30: Eget køkken med afløb | AS30: 3 | AT30: 1 | AU30: 1 | AV30: 2 | AW30: Mursten | AX30: Tegl | AY30: Fjernvarme/blokvarme | AZ30: - | BA30: (UDFASES) Bygningen har ingen supplerende varme | BB30: 203 m2 | BC30: 755.421 | BD30: 167.3889 | BE30: 755.96294 | BF30: 756.83296 | BG30: D | BH30: Indreby
A31: Graven 3A, st, 8000 Aarhus C | B31: 16000000 | C31: 44202 | D31: 2 | E31: 115 | G31: 139130.43 | H31: https://www.dingeo.dk/adresse/8000-Aarhus-C/Graven-3A/st | I31: 30 | J31: 0a3f50c2-f003-32b8-e044-0003ba298018 | K31: Graven | L31: 3A | M31: st | O31: 8000 | P31: Aarhus C | Q31: 712c | R31: 588267 | S31: 575244.38 | T31: 6224336.5 | U31: 56.158099 | V31: 10.211446 | W31: 1km_6224_575 | X31: Aarhus Domsogn | Y31: Aarhus Øst | Z31: Byzone | AA31: 4.6 | AB31: DOKK1 | AC31: 1 | AD31: 1 | AE31: Meget lav | AF31: 12 - 18 | AG31: Afstand: 912 meter | AH31: Afstand: 12,00 km | AI31: ✓Asbest | AJ31: ✓PCB | AK31: !Tungmetaller | AL31: Bolig i etageejendom, flerfamiliehus eller to-familiehus | AM31: Egentlig beboelseslejlighed (boligenhed med eget køkken) | AN31: 1989 | AO31: - | AP31: - | AQ31: Aktie-, anpart- eller andet selskab (undtagen interessent­skab) | AR31: Eget køkken med afløb | AS31: 2 | AT31: 1 | AU31: 1 | AV31: 2 | AW31: Mursten | AX31: Tegl | AY31: Fjernvarme/blokvarme | AZ31: - | BA31: (UDFASES) Bygningen har ingen supplerende varme | BB31: 454 m2 | BC31: 547.21348 | BD31: 963.6298 | BE31: 334.37511 | BF31: 146.10947 | BG31: C | BH31: Latinerkvarteret
A32: Stadion Allé 15, 5. th, 8000 Aarhus C | B32: 3108000 | C32: 44202 | D32: 3 | E32: 77 | F32: -3 | G32: 40363.636 | H32: https://www.dingeo.dk/adresse/8000-Aarhus-C/Stadion-Allé-15/5-th | I32: 31 | J32: 0a3f50c4-5028-32b8-e044-0003ba298018 | K32: Stadion Allé | L32: 15 | M32: 5 | N32: th | O32: 8000 | P32: Aarhus C | Q32: 741dl | R32: 455550 | S32: 574217.06 | T32: 6222634.5 | U32: 56.142971 | V32: 10.194436 | W32: 1km_6222_574 | X32: Sankt Lukas | Y32: Aarhus Syd | Z32: Byzone | AA32: 17.5 | AB32: Frederiksbjerg Hallerne | AC32: 1 | AD32: 1 | AE32: Meget lav | AF32: 12 - 18 | AG32: Afstand: 1,23 km | AH32: Afstand: 10,00 km | AI32: ✓Asbest | AJ32: !PCB | AK32: !Tungmetaller | AL32: Bolig i etageejendom, flerfamiliehus eller to-familiehus | AM32: Egentlig beboelseslejlighed (boligenhed med eget køkken) | AN32: 1929 | AO32: - | AP32: - | AQ32: Privatpersoner eller interessentskab | AR32: Eget køkken med afløb | AS32: 5 | AT32: 1 | AU32: 1 | AV32: 3 | AW32: Mursten | AX32: Tegl | AY32: Fjernvarme/blokvarme | AZ32: - | BA32: (UDFASES) Bygningen har ingen supplerende varme | BB32: 759 m2 | BC32: 1630.0982 | BD32: 1034.2683 | BE32: 1714.134 | BF32: 1190.2251 | BG32: D | BH32: Frederiksbjerg
A33: Marselis Boulevard 38, 1. 104, 8000 Aarhus C | B33: 2100000 | C33: 44202 | D33: 2 | E33: 70 | F33: -2 | G33: 30000 | H33: https://www.dingeo.dk/adresse/8000-Aarhus-C/Marselis-Boulevard-38/1-104 | I33: 32 | J33: 0a3f50c3-9df4-32b8-e044-0003ba298018 | K33: Marselis Boulevard | L33: 38 | M33: 1 | N33: 104 | O33: 8000 | P33: Aarhus C | Q33: 741ho | R33: 300832 | S33: 574372.87 | T33: 6222417 | U33: 56.140993 | V33: 10.196882 | W33: 1km_6222_574 | X33: Sankt Lukas | Y33: Aarhus Syd | Z33: Byzone | AA33: 16.4 | AB33: Frederiksbjerg Hallerne | AC33: 0 | AD33: 4 | AE33: Meget lav | AF33: 12 - 18 | AG33: Afstand: 1,16 km | AH33: Afstand: 10,00 km | AI33: !Asbest | AJ33: !PCB | AK33: !Tungmetaller | AL33: Bolig i etageejendom, flerfamiliehus eller to-familiehus | AM33: Egentlig beboelseslejlighed (boligenhed med eget køkken) | AN33: 1966 | AO33: - | AP33: - | AQ33: Privatpersoner eller interessentskab | AR33: Eget køkken med afløb | AS33: 14 | AT33: 1 | AU33: 1 | AV33: 2 | AW33: Betonelementer | AX33: Tagpap med stor hældning | AY33: Fjernvarme/blokvarme | AZ33: - | BA33: (UDFASES) Bygningen har ingen supplerende varme | BB33: 7310 m2 | BC33: 1697.7255 | BD33: 1143.934 | BE33: 1859.9677 | BF33: 946.98878 | BG33: D | BH33: Frederiksbjerg
A34: Skovvejen 46H, 1. 104, 8000 Aarhus C | B34: 1025000 | C34: 44201 | D34: 1 | E34: 30 | F34: -4 | G34: 34166.667 | H34: https://www.dingeo.dk/adresse/8000-Aarhus-C/Skovvejen-46H/1-104 | I34: 33 | J34: 0a3f50c4-3588-32b8-e044-0003ba298018 | K34: Skovvejen | L34: 46H | M34: 1 | N34: 104 | O34: 8000 | P34: Aarhus C | Q34: 1475a | R34: 436211 | S34: 575703.13 | T34: 6225481 | U34: 56.168307 | V34: 10.219156 | W34: 1km_6225_575 | X34: Sankt Johannes | Y34: Aarhus Øst | Z34: Byzone | AA34: 18.8 | AB34: DOKK1 | AC34: 0 | AD34: 1 | AE34: Meget lav | AF34: 12 - 18 | AG34: Afstand: 1,53 km | AH34: Afstand: 12,00 km | AI34: !Asbest | AJ34: !PCB | AK34: !Tungmetaller | AL34: Bolig i etageejendom, flerfamiliehus eller to-familiehus | AM34: Egentlig beboelseslejlighed (boligenhed med eget køkken) | AN34: 1938 | AO34: - | AP34: - | AQ34: Privatpersoner eller interessentskab | AR34: Eget køkken med afløb | AS34: 5 | AT34: 1 | AU34: 1 | AV34: 1 | AW34: Andet materiale | AX34: Tagpap med lille hældning | AY34: Fjernvarme/blokvarme | AZ34: - | BA34: (UDFASES) Bygningen har ingen supplerende varme | BB34: 2020 m2 | BC34: 1714.974 | BD34: 2195.6093 | BE34: 1499.119 | BF34: 172.78778 | BG34: D | BH34: Trøjborg
A35: Frederiks Plads 8, 2. 10, 8000 Aarhus C | B35: 2272800 | C35: 44201 | D35: 2 | E35: 61 | G35: 37259.016 | H35: https://www.dingeo.dk/adresse/8000-Aarhus-C/Frederiks-Plads-8/2-10 | I35: 34 | J35: 8468c49a-488b-466b-aa84-74eeaa7e88e2 | K35: Frederiks Plads | L35: 8 | M35: 2 | N35: 10 | O35: 8000 | P35: Aarhus C | Q35: 2200p | R35: 990071 | S35: 575084.45 | T35: 6223348.1 | U35: 56.149245 | V35: 10.208593 | W35: 1km_6223_575 | X35: Sankt Pauls | Y35: Aarhus Øst | Z35: Byzone | AA35: 3.9 | AB35: Rådhushallen | AC35: 1 | AD35: 1 | AE35: Meget lav | AF35: 12 - 18 | AG35: Afstand: 522 meter | AH35: Afstand: 11,00 km | AI35: ✓Asbest | AJ35: ✓PCB | AK35: !Tungmetaller | AL35: Bolig i etageejendom, flerfamiliehus eller to-familiehus | AM35: Egentlig beboelseslejlighed (boligenhed med eget køkken) | AN35: 2017 | AO35: - | AP35: - | AQ35: Privatpersoner eller interessentskab | AR35: Eget køkken med afløb | AS35: 9 | AT35: 1 | AU35: 1 | AV35: 2 | AW35: Mursten | AX35: Tagpap med stor hældning | AY35: Fjernvarme/blokvarme | AZ35: - | BA35: (UDFASES) Bygningen har ingen supplerende varme | BB35: 5430 m2 | BC35: 528.89222 | BD35: 270.99717 | BE35: 850.6881 | BF35: 326.48775 | BG35: A2015 | BH35: Frederiksbjerg
A36: Marselis Boulevard 28, 2. 2, 8000 Aarhus C | B36: 1300000 | C36: 44200 | D36: 2 | E36: 52 | F36: -7 | G36: 25000 | H36: https://www.dingeo.dk/adresse/8000-Aarhus-C/Marselis-Boulevard-28/2-2 | I36: 35 | J36: 0a3f50c3-9ca3-32b8-e044-0003ba298018 | K36: Marselis Boulevard | L36: 28 | M36: 2 | N36: 2 | O36: 8000 | P36: Aarhus C | Q36: 741hf | R36: 300743 | S36: 574663.37 | T36: 6222511.5 | U36: 56.141796 | V36: 10.201582 | W36: 1km_6222_574 | X36: Sankt Pauls | Y36: Aarhus Syd | Z36: Byzone | AA36: 13.6 | AB36: Frederiksbjerg Hallerne | AC36: 1 | AD36: 3 | AE36: Meget lav | AF36: 12 - 18 | AG36: Afstand: 847 meter | AH36: Afstand: 11,00 km | AI36: !Asbest | AJ36: !PCB | AK36: !Tungmetaller | AL36: Bolig i etageejendom, flerfamiliehus eller to-familiehus | AM36: Egentlig beboelseslejlighed (boligenhed med eget køkken) | AN36: 1959 | AO36: - | AP36: - | AQ36: Privatpersoner eller interessentskab | AR36: Eget køkken med afløb | AS36: 14 | AT36: 1 | AU36: 1 | AV36: 2 | AW36: Betonelementer | AX36: Tagpap med stor hældning | AY36: Fjernvarme/blokvarme | AZ36: - | BA36: (UDFASES) Bygningen har ingen supplerende varme | BB36: 6784 m2 | BC36: 1464.144 | BD36: 966.79695 | BE36: 1699.1301 | BF36: 760.12013 | BG36: D | BH36: Frederiksbjerg
A37: Hans Schourups Gade 8, 1. th, 8000 Aarhus C | B37: 2400000 | C37: 44200 | D37: 2 | E37: 70 | G37: 34285.714 | H37: https://www.dingeo.dk/adresse/8000-Aarhus-C/Hans-Schourups-Gade-8/1-th | I37: 36 | J37: 0a3f50c3-0aa8-32b8-e044-0003ba298018 | K37: Hans Schourups Gade | L37: 8 | M37: 1 | N37: th | O37: 8000 | P37: Aarhus C | Q37: 564 | R37: 159005 | S37: 574040.81 | T37: 6222481 | U37: 56.141619 | V37: 10.191557 | W37: 1km_6222_574 | X37: Sankt Lukas | Y37: Aarhus Syd | Z37: Byzone | AA37: 18.7 | AB37: Frederiksbjerg Hallerne | AC37: 0 | AD37: 1 | AE37: Meget lav | AF37: 12 - 18 | AG37: Afstand: 1,45 km | AH37: Afstand: 10,00 km | AI37: ✓Asbest | AJ37: !PCB | AK37: !Tungmetaller | AL37: Bolig i etageejendom, flerfamiliehus eller to-familiehus | AM37: Egentlig beboelseslejlighed (boligenhed med eget køkken) | AN37: 1935 | AO37: - | AP37: - | AQ37: Privatpersoner eller interessentskab | AR37: Eget køkken med afløb | AS37: 5 | AT37: 1 | AU37: 1 | AV37: 2 | AW37: Mursten | AX37: Tegl | AY37: Fjernvarme/blokvarme | AZ37: - | BA37: (UDFASES) Bygningen har ingen supplerende varme | BB37: 700 m2 | BC37: 1862.9047 | BD37: 1263.5189 | BE37: 1930.0043 | BF37: 1272.8319 | BG37: C | BH37: Langenæs
A38: Søndre Ringgade 61, 4. tv, 8000 Aarhus C | B38: 2395000 | C38: 44200 | D38: 2 | E38: 75 | G38: 31933.333 | H38: https://www.dingeo.dk/adresse/8000-Aarhus-C/Søndre-Ringgade-61/4-tv | I38: 37 | J38: 0a3f50c4-6e19-32b8-e044-0003ba298018 | K38: Søndre Ringgade | L38: 61 | M38: 4 | N38: tv | O38: 8000 | P38: Aarhus C | Q38: 688 | R38: 484305 | S38: 573746.31 | T38: 6222881 | U38: 56.145258 | V38: 10.18693 | W38: 1km_6222_573 | X38: Langenæs | Y38: Aarhus Syd | Z38: Byzone | AA38: 17.4 | AB38: Lokalcenter Fr.Bjerg/Langenæs | AC38: 1 | AD38: 5 | AE38: Meget lav | AF38: 12 - 18 | AG38: Afstand: 1,68 km | AH38: Afstand: 10,00 km | AI38: ✓Asbest | AJ38: !PCB | AK38: !Tungmetaller | AL38: Bolig i etageejendom, flerfamiliehus eller to-familiehus | AM38: Egentlig beboelseslejlighed (boligenhed med eget køkken) | AN38: 1938 | AO38: - | AP38: - | AQ38: Privatpersoner eller interessentskab | AR38: Eget køkken med afløb | AS38: 5 | AT38: 1 | AU38: 1 | AV38: 2 | AW38: Mursten | AX38: Tegl | AY38: Fjernvarme/blokvarme | AZ38: - | BA38: (UDFASES) Bygningen har ingen supplerende varme | BB38: 1150 m2 | BC38: 1852.8665 | BD38: 1235.1232 | BE38: 1770.985 | BF38: 1636.2895 | BG38: D | BH38: Langenæs
A39: Vestervang 2, kl. 2001, 8000 Aarhus C | B39: 5450000 | C39: 44200 | D39: 3 | E39: 129 | F39: -3 | G39: 42248.062 | H39: https://www.dingeo.dk/adresse/8000-Aarhus-C/Vestervang-2/kl-2001 | I39: 38 | J39: 0a3f50c4-a3e1-32b8-e044-0003ba298018 | K39: Vestervang | L39: 2 | M39: kl | N39: 2001 | O39: 8000 | P39: Aarhus C | Q39: 117up | R39: 529252 | S39: 574196.87 | T39: 6224726 | U39: 56.161761 | V39: 10.194694 | W39: 1km_6224_574 | X39: Sankt Markus | Y39: Aarhus Nord | Z39: Byzone | AA39: 29.8 | AB39: Møllevangskolen | AC39: 0 | AD39: 1 | AE39: Meget lav | AF39: 12 - 18 | AG39: Afstand: 2,03 km | AH39: Afstand: 12,00 km | AI39: !Asbest | AJ39: !PCB | AK39: !Tungmetaller | AL39: Bolig i etageejendom, flerfamiliehus eller to-familiehus | AM39: Egentlig beboelseslejlighed (boligenhed med eget køkken) | AN39: 1970 | AO39: - | AP39: - | AQ39: Privatpersoner eller interessentskab | AR39: Eget køkken med afløb | AS39: 3 | AT39: 2 | AU39: 1 | AV39: 3 | AW39: Betonelementer | AX39: Tagpap med lille hældning | AY39: Fjernvarme/blokvarme | AZ39: - | BA39: (UDFASES) Bygningen har ingen supplerende varme | BB39: 2488 m2 | BC39: 1482.5392 | BD39: 1416.7094 | BE39: 920.5605 | BF39: 1251.8385 | BG39: C | BH39: Vesterbro
A40: Knudrisgade 11, 3, 8000 Aarhus C | B40: 1500000 | C40: 44200 | D40: 1 | E40: 54 | G40: 27777.778 | H40: https://www.dingeo.dk/adresse/8000-Aarhus-C/Knudrisgade-11/3 | I40: 39 | J40: 0a3f50c3-6d6a-32b8-e044-0003ba298018 | K40: Knudrisgade | L40: 11 | M40: 3 | O40: 8000 | P40: Aarhus C | Q40: 1136 | R40: 254261 | S40: 575307 | T40: 6224852.5 | U40: 56.162724 | V40: 10.2126 | W40: 1km_6224_575 | X40: Aarhus Domsogn | Y40: Aarhus Øst | Z40: Byzone | AA40: 6.2 | AB40: DOKK1 | AC40: 0 | AD40: 1 | AE40: Meget lav | AF40: 12 - 18 | AG40: Afstand: 1,21 km | AH40: Afstand: 12,00 km | AI40: ✓Asbest | AJ40: !PCB | AK40: !Tungmetaller | AL40: Bolig i etageejendom, flerfamiliehus eller to-familiehus | AM40: Egentlig beboelseslejlighed (boligenhed med eget køkken) | AN40: 1871 | AO40: 1982 | AP40: - | AQ40: Alment boligselskab | AR40: Eget køkken med afløb | AS40: 3 | AT40: 1 | AU40: 1 | AV40: 1 | AW40: Mursten | AX40: Tegl | AY40: Fjernvarme/blokvarme | AZ40: - | BA40: (UDFASES) Bygningen har ingen supplerende varme | BB40: 188 m2 | BC40: 1052.6583 | BD40: 1466.8866 | BE40: 757.34592 | BF40: 234.91124 | BG40: D | BH40: Trøjborg
A41: Strandparken 8, 1. tv, 8000 Aarhus C | B41: 2750000 | C41: 44199 | D41: 2 | E41: 66 | F41: -3 | G41: 41666.667 | H41: https://www.dingeo.dk/adresse/8000-Aarhus-C/Strandparken-8/1-tv | I41: 40 | J41: 0a3f50c4-5e71-32b8-e044-0003ba298018 | K41: Strandparken | L41: 8 | M41: 1 | N41: tv | O41: 8000 | P41: Aarhus C | Q41: 732ba | R41: 470622 | S41: 574931.81 | T41: 6222710.5 | U41: 56.143542 | V41: 10.205957 | W41: 1km_6222_574 | X41: Sankt Pauls | Y41: Aarhus Syd | Z41: Byzone | AA41: 13.9 | AB41: Frederiksbjerg Hallerne | AC41: 0 | AD41: 2 | AE41: Meget lav | AF41: 12 - 18 | AG41: Afstand: 511 meter | AH41: Afstand: 11,00 km | AI41: !Asbest | AJ41: !PCB | AK41: !Tungmetaller | AL41: Bolig i etageejendom, flerfamiliehus eller to-familiehus | AM41: Egentlig beboelseslejlighed (boligenhed med eget køkken) | AN41: 1935 | AO41: - | AP41: - | AQ41: Privatpersoner eller interessentskab | AR41: Eget køkken med afløb | AS41: 3 | AT41: 1 | AU41: 1 | AV41: 2 | AW41: Mursten | AX41: Tagpap med stor hældning | AY41: Fjernvarme/blokvarme | AZ41: - | BA41: (UDFASES) Bygningen har ingen supplerende varme | BB41: 1230 m2 | BC41: 1170.6612 | BD41: 757.68718 | BE41: 1476.837 | BF41: 512.84854 | BG41: D | BH41: Frederiksbjerg
A42: Vestre Ringgade 202, 4. th, 8000 Aarhus C | B42: 2625000 | C42: 44197 | D42: 3 | E42: 85 | F42: -3 | G42: 30882.353 | H42: https://www.dingeo.dk/adresse/8000-Aarhus-C/Vestre-Ringgade-202/4-th | I42: 41 | J42: 0a3f50c4-ab03-32b8-e044-0003ba298018 | K42: Vestre Ringgade | L42: 202 | M42: 4 | N42: th | O42: 8000 | P42: Aarhus C | Q42: 117mz | R42: 534965 | S42: 574137.56 | T42: 6225510.5 | U42: 56.168818 | V42: 10.193957 | W42: 1km_6225_574 | X42: Sankt Markus | Y42: Aarhus Nord | Z42: Byzone | AA42: 52.9 | AB42: Møllevangskolen | AC42: 1 | AD42: 5 | AE42: Meget lav | AF42: 12 - 18 | AG42: Afstand: 2,53 km | AH42: Afstand: 11,00 km | AI42: !Asbest | AJ42: !PCB | AK42: !Tungmetaller | AL42: Bolig i etageejendom, flerfamiliehus eller to-familiehus | AM42: Egentlig beboelseslejlighed (boligenhed med eget køkken) | AN42: 1948 | AO42: - | AP42: - | AQ42: Privatpersoner eller interessentskab | AR42: Eget køkken med afløb | AS42: 5 | AT42: 1 | AU42: 1 | AV42: 3 | AW42: Mursten | AX42: Tegl | AY42: Fjernvarme/blokvarme | AZ42: - | BA42: (UDFASES) Bygningen har ingen supplerende varme | BB42: 850 m2 | BC42: 2098.9653 | BD42: 2164.5164 | BE42: 1549.3927 | BF42: 1555.8715 | BG42: E | BH42: Vesterbro
A43: Absalonsgade 27, 2, 8000 Aarhus C | B43: 2475000 | C43: 44193 | D43: 2 | E43: 55 | F43: -2 | G43: 45000 | H43: https://www.dingeo.dk/adresse/8000-Aarhus-C/Absalonsgade-27/2 | I43: 42 | J43: 0a3f50c2-651d-32b8-e044-0003ba298018 | K43: Absalonsgade | L43: 27 | M43: 2 | O43: 8000 | P43: Aarhus C | Q43: 534 | R43: 1487 | S43: 574144.94 | T43: 6223151.5 | U43: 56.147626 | V43: 10.193419 | W43: 1km_6223_574 | X43: Sankt Lukas | Y43: Aarhus Syd | Z43: Byzone | AA43: 10.5 | AB43: Lokalcenter Fr.Bjerg/Langenæs | AC43: 0 | AD43: 1 | AE43: Meget lav | AF43: 12 - 18 | AG43: Afstand: 1,29 km | AH43: Afstand: 11,00 km | AI43: !Asbest | AJ43: !PCB | AK43: !Tungmetaller | AL43: Bolig i etageejendom, flerfamiliehus eller to-familiehus | AM43: Egentlig beboelseslejlighed (boligenhed med eget køkken) | AN43: 1897 | AO43: - | AP43: - | AQ43: Privatpersoner eller interessentskab | AR43: Eget køkken med afløb | AS43: 3 | AT43: 1 | AU43: 1 | AV43: 2 | AW43: Mursten | AX43: Fibercement herunder asbest | AY43: Fjernvarme/blokvarme | AZ43: - | BA43: (UDFASES) Bygningen har ingen supplerende varme | BB43: 159 m2 | BC43: 1373.7213 | BD43: 758.53403 | BE43: 1307.5159 | BF43: 1250.5634 | BG43: E | BH43: Frederiksbjerg
A44: Vestervang 25K, 2. th, 8000 Aarhus C | B44: 2250000 | C44: 44193 | D44: 2 | E44: 72 | F44: -1 | G44: 31250 | H44: https://www.dingeo.dk/adresse/8000-Aarhus-C/Vestervang-25K/2-th | I44: 43 | J44: 0a3f50c4-a5e2-32b8-e044-0003ba298018 | K44: Vestervang | L44: 25K | M44: 2 | N44: th | O44: 8000 | P44: Aarhus C | Q44: 117ui | R44: 529228 | S44: 573956.19 | T44: 6225005.5 | U44: 56.16431 | V44: 10.190897 | W44: 1km_6225_573 | X44: Sankt Markus | Y44: Aarhus Nord | Z44: Byzone | AA44: 40.5 | AB44: Møllevangskolen | AC44: 0 | AD44: 1 | AE44: Meget lav | AF44: 12 - 18 | AG44: Afstand: 2,39 km | AH44: Afstand: 11,00 km | AI44: ✓Asbest | AJ44: ✓PCB | AK44: !Tungmetaller | AL44: Bolig i etageejendom, flerfamiliehus eller to-familiehus | AM44: Egentlig beboelseslejlighed (boligenhed med eget køkken) | AN44: 1985 | AO44: - | AP44: - | AQ44: Privatpersoner eller interessentskab | AR44: Eget køkken med afløb | AS44: 3 | AT44: 1 | AU44: 1 | AV44: 2 | AW44: Betonelementer | AX44: Tagpap med stor hældning | AY44: Fjernvarme/blokvarme | AZ44: - | BA44: (UDFASES) Bygningen har ingen supplerende varme | BB44: 4943 m2 | BC44: 1845.9465 | BD44: 1776.8054 | BE44: 1281.8484 | BF44: 1560.5362 | BG44: C | BH44: Vesterbro
A45: Åhusene 9, st. 4, 8000 Aarhus C | B45: 2300000 | C45: 44193 | D45: 2 | E45: 55 | F45: -2 | G45: 41818.182 | H45: https://www.dingeo.dk/adresse/8000-Aarhus-C/Åhusene-9/st-4 | I45: 44 | J45: c40d4a87-eb7d-44c3-aa5f-eb9412bd5ebc | K45: Åhusene | L45: 9 | M45: st | N45: 4 | O45: 8000 | P45: Aarhus C | Q45: 2126at | R45: 986229 | S45: 573751.69 | T45: 6223723 | U45: 56.152821 | V45: 10.187249 | W45: 1km_6223_573 | X45: Vor Frue | Y45: Aarhus Øst | Z45: Byzone | AA45: 3 | AB45: Rådhushallen | AC45: 1 | AD45: 3 | AE45: Meget lav | AF45: 12 - 18 | AG45: Afstand: 1,85 km | AH45: Afstand: 11,00 km | AI45: ✓Asbest | AJ45: ✓PCB | AK45: !Tungmetaller | AL45: Bolig i etageejendom, flerfamiliehus eller to-familiehus | AM45: Egentlig beboelseslejlighed (boligenhed med eget køkken) | AN45: 2014 | AO45: - | AP45: - | AQ45: Aktie-, anpart- eller andet selskab (undtagen interessent­skab) | AR45: Eget køkken med afløb | AS45: 10 | AT45: 1 | AU45: 1 | AV45: 2 | AW45: Mursten | AX45: Tagpap med stor hældning | AY45: Fjernvarme/blokvarme | AZ45: - | BA45: (UDFASES) Bygningen har ingen supplerende varme | BB45: 3020 m2 | BC45: 1604.7685 | BD45: 1115.322 | BE45: 1277.8297 | BF45: 1634.8276 | BG45: B | BH45: Ceresbyen
A46: Skanderborgvej 7, kl, 8000 Aarhus C | B46: 850000 | C46: 44192 | D46: 1 | E46: 29 | F46: -5 | G46: 29310.345 | H46: https://www.dingeo.dk/adresse/8000-Aarhus-C/Skanderborgvej-7/kl | I46: 45 | J46: 0a3f50c4-1a74-32b8-e044-0003ba298018 | K46: Skanderborgvej | L46: 7 | M46: kl | O46: 8000 | P46: Aarhus C | Q46: 593 | R46: 358709 | S46: 573780.57 | T46: 6222587.5 | U46: 56.142616 | V46: 10.1874 | W46: 1km_6222_573 | X46: Langenæs | Y46: Aarhus Syd | Z46: Byzone | AA46: 21.8 | AB46: Frederiksbjerg Hallerne | AC46: 1 | AD46: 5 | AE46: Meget lav | AF46: 12 - 18 | AG46: Afstand: 1,68 km | AH46: Afstand: 10,00 km | AI46: ✓Asbest | AJ46: !PCB | AK46: !Tungmetaller | AL46: Bolig i etageejendom, flerfamiliehus eller to-familiehus | AM46: Egentlig beboelseslejlighed (boligenhed med eget køkken) | AN46: 1937 | AO46: - | AP46: - | AQ46: Privatpersoner eller interessentskab | AR46: Eget køkken med afløb | AS46: 5 | AT46: 1 | AU46: 1 | AV46: 1 | AW46: Mursten | AX46: Tegl | AY46: Fjernvarme/blokvarme | AZ46: - | BA46: (UDFASES) Bygningen har ingen supplerende varme | BB46: 1430 m2 | BC46: 1987.627 | BD46: 1370.9869 | BE46: 1977.0564 | BF46: 1553.6206 | BG46: C | BH46: Langenæs
A47: Kjeld Tolstrups Gade 22, 1. tv, 8000 Aarhus C | B47: 3500000 | C47: 44192 | D47: 2 | E47: 89 | F47: -3 | G47: 39325.843 | H47: https://www.dingeo.dk/adresse/8000-Aarhus-C/Kjeld-Tolstrups-Gade-22/1-tv | I47: 46 | J47: 0dee30b2-2970-43e4-a879-089d1421695a | K47: Kjeld Tolstrups Gade | L47: 22 | M47: 1 | N47: tv | O47: 8000 | P47: Aarhus C | Q47: 2194 | R47: 729685 | S47: 574156.55 | T47: 6223920.6 | U47: 56.154533 | V47: 10.19382 | W47: 1km_6223_574 | X47: Vor Frue | Y47: Aarhus Øst | Z47: Byzone | AA47: 2.9 | AB47: Rådhushallen | AC47: 1 | AD47: 4 | AE47: Meget lav | AF47: 12 - 18 | AG47: Afstand: 1,60 km | AH47: Afstand: 11,00 km | AI47: ✓Asbest | AJ47: ✓PCB | AK47: !Tungmetaller | AL47: Bolig i etageejendom, flerfamiliehus eller to-familiehus | AM47: Egentlig beboelseslejlighed (boligenhed med eget køkken) | AN47: 2020 | AO47: - | AP47: - | AQ47: Privatpersoner eller interessentskab | AR47: Eget køkken med afløb | AS47: 6 | AT47: 1 | AU47: 1 | AV47: 2 | AW47: Betonelementer | AX47: Tagpap med lille hældning | AY47: Fjernvarme/blokvarme | AZ47: - | BA47: (UDFASES) Bygningen har ingen supplerende varme | BB47: 3851 m2 | BC47: 1204.751 | BD47: 820.33017 | BE47: 830.45404 | BF47: 1217.3122 | BG47: A2015 | BH47: Indreby
A48: Sjællandsgade 1, 2. mf, 8000 Aarhus C | B48: 2000000 | C48: 44190 | D48: 2 | E48: 41 | F48: -2 | G48: 48780.488 | H48: https://www.dingeo.dk/adresse/8000-Aarhus-C/Sjællandsgade-1/2-mf | I48: 47 | J48: 24ce9762-4549-4e56-b4ea-4ca16e6c0b4a | K48: Sjællandsgade | L48: 1 | M48: 2 | N48: mf | O48: 8000 | P48: Aarhus C | Q48: 1000a | R48: 415559 | S48: 575119.69 | T48: 6224659.5 | U48: 56.16102 | V48: 10.20953 | W48: 1km_6224_575 | X48: Aarhus Domsogn | Y48: Aarhus Øst | Z48: Byzone | AA48: 4.5 | AB48: Samsøgades Skole | AC48: 1 | AD48: 1 | AE48: Meget lav | AF48: 12 - 18 | AG48: Afstand: 1,22 km | AH48: Afstand: 12,00 km | AI48: ✓Asbest | AJ48: !PCB | AK48: !Tungmetaller | AL48: Bolig i etageejendom, flerfamiliehus eller to-familiehus | AM48: Egentlig beboelseslejlighed (boligenhed med eget køkken) | AN48: 1941 | AO48: 2010 | AP48: - | AQ48: Privatpersoner eller interessentskab | AR48: Eget køkken med afløb | AS48: 3 | AT48: 1 | AU48: 1 | AV48: 2 | AW48: Mursten | AX48: Tagpap med stor hældning | AY48: Fjernvarme/blokvarme | AZ48: - | BA48: (UDFASES) Bygningen har ingen supplerende varme | BB48: 431 m2 | BC48: 890.70221 | BD48: 1229.787 | BE48: 503.6829 | BF48: 348.95067 | BG48: D | BH48: Øgadekvarteret
A49: Sjællandsgade 1, 2. mf, 8000 Aarhus C | B49: 2000000 | C49: 44190 | D49: 2 | E49: 41 | F49: -2 | G49: 48780.488 | H49: https://www.dingeo.dk/adresse/8000-Aarhus-C/Sjællandsgade-1/2-mf | I49: 47 | J49: 24ce9762-4549-4e56-b4ea-4ca16e6c0b4a | K49: Sjællandsgade | L49: 1 | M49: 2 | N49: mf | O49: 8000 | P49: Aarhus C | Q49: 1000a | R49: 415559 | S49: 575119.69 | T49: 6224659.5 | U49: 56.16102 | V49: 10.20953 | W49: 1km_6224_575 | X49: Aarhus Domsogn | Y49: Aarhus Øst | Z49: Byzone | AA49: 4.5 | AB49: Samsøgades Skole | AC49: 1 | AD49: 1 | AE49: Meget lav | AF49: 12 - 18 | AG49: Afstand: 1,22 km | AH49: Afstand: 12,00 km | AI49: ✓Asbest | AJ49: !PCB | AK49: !Tungmetaller | AL49: Bolig i etageejendom, flerfamiliehus eller to-familiehus | AM49: Egentlig beboelseslejlighed (boligenhed med eget køkken) | AN49: 1941 | AO49: 2010 | AP49: - | AQ49: Privatpersoner eller interessentskab | AR49: Eget køkken med afløb | AS49: 3 | AT49: 1 | AU49: 1 | AV49: 2 | AW49: Mursten | AX49: Tagpap med stor hældning | AY49: Fjernvarme/blokvarme | AZ49: - | BA49: (UDFASES) Bygningen har ingen supplerende varme | BB49: 431 m2 | BC49: 890.70221 | BD49: 1229.787 | BE49: 503.6829 | BF49: 348.95067 | BG49: D | BH49: Latinerkvarteret
A50: P.P. Ørums Gade 4, 1. th, 8000 Aarhus C | B50: 2200000 | C50: 44188 | D50: 3 | E50: 102 | G50: 21568.627 | H50: https://www.dingeo.dk/adresse/8000-Aarhus-C/P.P.-Ørums-Gade-4/1-th | I50: 48 | J50: 0a3f50c3-d7b8-32b8-e044-0003ba298018 | K50: P.P. Ørums Gade | L50: 4 | M50: 1 | N50: th | O50: 8000 | P50: Aarhus C | Q50: 545 | R50: 357893 | S50: 574116.56 | T50: 6222355.5 | U50: 56.14048 | V50: 10.192741 | W50: 1km_6222_574 | X50: Sankt Lukas | Y50: Aarhus Syd | Z50: Byzone | AA50: 17.4 | AB50: Frederiksbjerg Hallerne | AC50: 0 | AD50: 1 | AE50: Meget lav | AF50: 12 - 18 | AG50: Afstand: 1,42 km | AH50: Afstand: 10,00 km | AI50: ✓Asbest | AJ50: !PCB | AK50: !Tungmetaller | AL50: Bolig i etageejendom, flerfamiliehus eller to-familiehus | AM50: Egentlig beboelseslejlighed (boligenhed med eget køkken) | AN50: 1935 | AO50: 2007 | AP50: - | AQ50: Privatpersoner eller interessentskab | AR50: Eget køkken med afløb | AS50: 5 | AT50: 1 | AU50: 1 | AV50: 3 | AW50: Mursten | AX50: Tegl | AY50: Fjernvarme/blokvarme | AZ50: - | BA50: (UDFASES) Bygningen har ingen supplerende varme | BB50: 877 m2 | BC50: 1903.8337 | BD50: 1320.5974 | BE50: 2009.56 | BF50: 1152.4342 | BG50: B | BH50: Langenæs
A51: Ankersgade 13, 1, 8000 Aarhus C | B51: 2500000 | C51: 44187 | D51: 2 | E51: 60 | F51: 4 | G51: 41666.667 | H51: https://www.dingeo.dk/adresse/8000-Aarhus-C/Ankersgade-13/1 | I51: 49 | J51: 0a3f50c2-6b0f-32b8-e044-0003ba298018 | K51: Ankersgade | L51: 13 | M51: 1 | O51: 8000 | P51: Aarhus C | Q51: 801n | R51: 292546 | S51: 574072.31 | T51: 6223198 | U51: 56.148055 | V51: 10.192263 | W51: 1km_6223_574 | X51: Sankt Lukas | Y51: Aarhus Syd | Z51: Byzone | AA51: 11.3 | AB51: Lokalcenter Fr.Bjerg/Langenæs | AC51: 1 | AD51: 3 | AE51: Meget lav | AF51: 12 - 18 | AG51: Afstand: 1,37 km | AH51: Afstand: 11,00 km | AI51: ✓Asbest | AJ51: !PCB | AK51: !Tungmetaller | AL51: Bolig i etageejendom, flerfamiliehus eller to-familiehus | AM51: Egentlig beboelseslejlighed (boligenhed med eget køkken) | AN51: 1901 | AO51: - | AP51: - | AQ51: Privatpersoner eller interessentskab | AR51: Eget køkken med afløb | AS51: 4 | AT51: 1 | AU51: 1 | AV51: 2 | AW51: Mursten | AX51: Tegl | AY51: Fjernvarme/blokvarme | AZ51: - | BA51: (UDFASES) Bygningen har ingen supplerende varme | BB51: 240 m2 | BC51: 1417.5937 | BD51: 808.82129 | BE51: 1317.7177 | BF51: 1329.9662 | BG51: D | BH51: Frederiksbjerg
A52: Kaserneboulevarden 17, 1. th, 8000 Aarhus C | B52: 2700000 | C52: 44186 | D52: 2 | E52: 68 | G52: 39705.882 | H52: https://www.dingeo.dk/adresse/8000-Aarhus-C/Kaserneboulevarden-17/1-th | I52: 50 | J52: 0a3f50c3-5f8a-32b8-e044-0003ba298018 | K52: Kaserneboulevarden | L52: 17 | M52: 1 | N52: th | O52: 8000 | P52: Aarhus C | Q52: 1797r | R52: 239130 | S52: 574503.37 | T52: 6225058.5 | U52: 56.1647 | V52: 10.199721 | W52: 1km_6225_574 | X52: Sankt Markus | Y52: Aarhus Øst | Z52: Byzone | AA52: 35.2 | AB52: Samsøgades Skole | AC52: 1 | AD52: 3 | AE52: Meget lav | AF52: 12 - 18 | AG52: Afstand: 1,95 km | AH52: Afstand: 11,00 km | AI52: !Asbest | AJ52: ✓PCB | AK52: !Tungmetaller | AL52: Bolig i etageejendom, flerfamiliehus eller to-familiehus | AM52: Egentlig beboelseslejlighed (boligenhed med eget køkken) | AN52: 1933 | AO52: - | AP52: - | AQ52: Privatpersoner eller interessentskab | AR52: Eget køkken med afløb | AS52: 5 | AT52: 1 | AU52: 1 | AV52: 2 | AW52: Mursten | AX52: Tegl | AY52: Fjernvarme/blokvarme | AZ52: - | BA52: (UDFASES) Bygningen har ingen supplerende varme | BB52: 680 m2 | BC52: 1519.3461 | BD52: 1630.9769 | BE52: 976.44368 | BF52: 1059.6375 | BG52: D | BH52: Øgadekvarteret
A53: Molsgade 6, st. tv, 8000 Aarhus C | B53: 2098000 | C53: 44186 | D53: 2 | E53: 58 | G53: 36172.414 | H53: https://www.dingeo.dk/adresse/8000-Aarhus-C/Molsgade-6/st-tv | I53: 51 | J53: 0a3f50c3-a8c2-32b8-e044-0003ba298018 | K53: Molsgade | L53: 6 | M53: st | N53: tv | O53: 8000 | P53: Aarhus C | Q53: 912k | R53: 312210 | S53: 575422.37 | T53: 6224850 | U53: 56.162683 | V53: 10.214456 | W53: 1km_6224_575 | X53: Aarhus Domsogn | Y53: Aarhus Øst | Z53: Byzone | AA53: 4.4 | AB53: DOKK1 | AC53: 0 | AD53: 3 | AE53: Meget lav | AF53: 12 - 18 | AG53: Afstand: 1,12 km | AH53: Afstand: 12,00 km | AI53: ✓Asbest | AJ53: ✓PCB | AK53: !Tungmetaller | AL53: Bolig i etageejendom, flerfamiliehus eller to-familiehus | AM53: Egentlig beboelseslejlighed (boligenhed med eget køkken) | AN53: 1901 | AO53: 2013 | AP53: - | AQ53: Privatpersoner eller interessentskab | AR53: Eget køkken med afløb | AS53: 4 | AT53: 1 | AU53: 1 | AV53: 2 | AW53: Mursten | AX53: Fibercement herunder asbest | AY53: Fjernvarme/blokvarme | AZ53: - | BA53: (UDFASES) Bygningen har ingen supplerende varme | BB53: 500 m2 | BC53: 1050.9124 | BD53: 1505.2496 | BE53: 816.56664 | BF53: 124.11943 | BG53: D | BH53: Trøjborg
A54: Finderupvej 7, 3. 3, 8000 Aarhus C | B54: 2490000 | C54: 44186 | D54: 2 | E54: 70 | F54: -1 | G54: 35571.429 | H54: https://www.dingeo.dk/adresse/8000-Aarhus-C/Finderupvej-7/3-3 | I54: 52 | J54: 30699060-19cd-6521-e044-0003ba298018 | K54: Finderupvej | L54: 7 | M54: 3 | N54: 3 | O54: 8000 | P54: Aarhus C | Q54: 1u | R54: 113102 | S54: 573399.56 | T54: 6223909 | U54: 56.154546 | V54: 10.181633 | W54: 1km_6223_573 | X54: Vor Frue | Y54: Aarhus Nord | Z54: Byzone | AA54: 8 | AB54: VIA University College | AC54: 0 | AD54: 1 | AE54: Meget lav | AF54: 12 - 18 | AG54: Afstand: 2,26 km | AH54: Afstand: 11,00 km | AI54: ✓Asbest | AJ54: ✓PCB | AK54: !Tungmetaller | AL54: Bolig i etageejendom, flerfamiliehus eller to-familiehus | AM54: Egentlig beboelseslejlighed (boligenhed med eget køkken) | AN54: 2009 | AO54: 2019 | AP54: - | AQ54: Privatpersoner eller interessentskab | AR54: Eget køkken med afløb | AS54: 4 | AT54: 1 | AU54: 1 | AV54: 2 | AW54: Betonelementer | AX54: Tagpap med lille hældning | AY54: Fjernvarme/blokvarme | AZ54: - | BA54: (UDFASES) Bygningen har ingen supplerende varme | BB54: 8449 m2 | BC54: 1957.2829 | BD54: 1503.7583 | BE54: 1566.8757 | BF54: 1974.6095 | BG54: B | BH54: Vesterbro
A55: Janus La Cours Gade 22, 1. 4, 8000 Aarhus C | B55: 2198000 | C55: 44186 | D55: 2 | E55: 68 | G55: 32323.529 | H55: https://www.dingeo.dk/adresse/8000-Aarhus-C/Janus-La-Cours-Gade-22/1-4 | I55: 53 | J55: 0a3f50c3-456a-32b8-e044-0003ba298018 | K55: Janus La Cours Gade | L55: 22 | M55: 1 | N55: 4 | O55: 8000 | P55: Aarhus C | Q55: 1286a | R55: 527489 | S55: 574284.07 | T55: 6224213.5 | U55: 56.157144 | V55: 10.195954 | W55: 1km_6224_574 | X55: Vor Frue | Y55: Aarhus Øst | Z55: Byzone | AA55: 3.5 | AB55: Rådhushallen | AC55: 0 | AD55: 1 | AE55: Meget lav | AF55: 12 - 18 | AG55: Afstand: 1,71 km | AH55: Afstand: 12,00 km | AI55: ✓Asbest | AJ55: !PCB | AK55: !Tungmetaller | AL55: Bolig i etageejendom, flerfamiliehus eller to-familiehus | AM55: Enkeltværelse (boligenhed med fast kogeinstallation, fælles køkken eller intet køkken). | AN55: 1986 | AO55: - | AP55: - | AQ55: Privatpersoner eller interessentskab | AR55: Fast kogeinstallation i værelse eller på gang | AS55: 2 | AT55: 1 | AU55: 1 | AV55: 2 | AW55: Mursten | AX55: Tagpap med stor hældning | AY55: Fjernvarme/blokvarme | AZ55: - | BA55: - | BB55: 458 m2 | BC55: 1148.1796 | BD55: 932.92103 | BE55: 659.77817 | BF55: 1090.3163 | BG55: C | BH55: Indreby
A56: Falstersgade 61, 2, 8000 Aarhus C | B56: 2825000 | C56: 44185 | D56: 3 | E56: 71 | F56: -3 | G56: 39788.732 | H56: https://www.dingeo.dk/adresse/8000-Aarhus-C/Falstersgade-61/2 | I56: 54 | J56: 0a3f50c2-d1da-32b8-e044-0003ba298018 | K56: Falstersgade | L56: 61 | M56: 2 | O56: 8000 | P56: Aarhus C | Q56: 1814 | R56: 109091 | S56: 574441.07 | T56: 6225037 | U56: 56.164517 | V56: 10.198712 | W56: 1km_6225_574 | X56: Sankt Markus | Y56: Aarhus Øst | Z56: Byzone | AA56: 35.5 | AB56: Samsøgades Skole | AC56: 1 | AD56: 3 | AE56: Meget lav | AF56: 12 - 18 | AG56: Afstand: 1,99 km | AH56: Afstand: 11,00 km | AI56: ✓Asbest | AJ56: !PCB | AK56: !Tungmetaller | AL56: Bolig i etageejendom, flerfamiliehus eller to-familiehus | AM56: Egentlig beboelseslejlighed (boligenhed med eget køkken) | AN56: 1902 | AO56: - | AP56: - | AQ56: Privatpersoner eller interessentskab | AR56: Eget køkken med afløb | AS56: 3 | AT56: 1 | AU56: 1 | AV56: 3 | AW56: Mursten | AX56: Tegl | AY56: Fjernvarme/blokvarme | AZ56: - | BA56: (UDFASES) Bygningen har ingen supplerende varme | BB56: 223 m2 | BC56: 1537.7609 | BD56: 1623.9892 | BE56: 987.45368 | BF56: 1110.8871 | BG56: DD | BH56: Øgadekvarteret
A57: Skt. Pauls Gade 27C, 2. tv, 8000 Aarhus C | B57: 3400000 | C57: 44185 | D57: 3 | E57: 95 | G57: 35789.474 | H57: https://www.dingeo.dk/adresse/8000-Aarhus-C/Skt.-Pauls-Gade-27C/2-tv | I57: 55 | J57: fc44e589-73fe-489e-ae77-220804db9cf2 | K57: Skt. Pauls Gade | L57: 27C | M57: 2 | N57: tv | O57: 8000 | P57: Aarhus C | Q57: 721i | R57: 440138 | S57: 574621.13 | T57: 6222958.5 | U57: 56.145818 | V57: 10.201028 | W57: 1km_6222_574 | X57: Sankt Pauls | Y57: Aarhus Syd | Z57: Byzone | AA57: 21.5 | AB57: Frederiksbjerg Hallerne | AC57: 1 | AD57: 1 | AE57: Meget lav | AF57: 12 - 18 | AG57: Afstand: 783 meter | AH57: Afstand: 11,00 km | AI57: ✓Asbest | AJ57: ✓PCB | AK57: !Tungmetaller | AL57: Bolig i etageejendom, flerfamiliehus eller to-familiehus | AM57: Egentlig beboelseslejlighed (boligenhed med eget køkken) | AN57: 1913 | AO57: 2017 | AP57: - | AQ57: Privatpersoner eller interessentskab | AR57: Eget køkken med afløb | AS57: 3 | AT57: 1 | AU57: 1 | AV57: 3 | AW57: Mursten | AX57: Tegl | AY57: Fjernvarme/blokvarme | AZ57: - | BA57: - | BB57: 2414 m2 | BC57: 1118.2883 | BD57: 548.46164 | BE57: 1270.4218 | BF57: 759.31363 | BG57: C | BH57: Frederiksbjerg
A58: Norsgade 6, 1, 8000 Aarhus C | B58: 2895000 | C58: 44185 | D58: 3 | E58: 76 | G58: 38092.105 | H58: https://www.dingeo.dk/adresse/8000-Aarhus-C/Norsgade-6/1 | I58: 56 | J58: 0a3f50c3-bdb4-32b8-e044-0003ba298018 | K58: Norsgade | L58: 6 | M58: 1 | O58: 8000 | P58: Aarhus C | Q58: 1213a | R58: 336543 | S58: 575007.94 | T58: 6224630.5 | U58: 56.160777 | V58: 10.207723 | W58: 1km_6224_575 | X58: Aarhus Domsogn | Y58: Aarhus Øst | Z58: Byzone | AA58: 6.7 | AB58: Samsøgades Skole | AC58: 1 | AD58: 1 | AE58: Meget lav | AF58: 12 - 18 | AG58: Afstand: 1,28 km | AH58: Afstand: 12,00 km | AI58: ✓Asbest | AJ58: ✓PCB | AK58: !Tungmetaller | AL58: Bolig i etageejendom, flerfamiliehus eller to-familiehus | AM58: Egentlig beboelseslejlighed (boligenhed med eget køkken) | AN58: 1992 | AO58: - | AP58: - | AQ58: Aktie-, anpart- eller andet selskab (undtagen interessent­skab) | AR58: Eget køkken med afløb | AS58: 3 | AT58: 1 | AU58: 1 | AV58: 3 | AW58: Mursten | AX58: Tegl | AY58: Fjernvarme/blokvarme | AZ58: - | BA58: (UDFASES) Bygningen har ingen supplerende varme | BB58: 227 m2 | BC58: 899.91349 | BD58: 1180.4975 | BE58: 447.89512 | BF58: 447.92072 | BG58: B | BH58: Øgadekvarteret
A59: Bernhardt Jensens Boulevard 87, 6. th, 8000 Aarhus C | B59: 3475000 | C59: 44185 | D59: 3 | E59: 97 | G59: 35824.742 | H59: https://www.dingeo.dk/adresse/8000-Aarhus-C/Bernhardt-Jensens-Boulevard-87/6-th | I59: 57 | J59: a63bda11-ea3a-45c6-b7fe-ca00c3197518 | K59: Bernhardt Jensens Boulevard | L59: 87 | M59: 6 | N59: th | O59: 8000 | P59: Aarhus C | Q59: 2148dn | R59: 983765 | S59: 576090.47 | T59: 6225175.1 | U59: 56.165497 | V59: 10.225304 | W59: 1km_6225_576 | X59: Aarhus Domsogn | Y59: Aarhus Øst | Z59: Byzone | AA59: 0.4 | AB59: DOKK1 | AC59: 1 | AD59: 1 | AE59: Meget lav | AF59: 12 - 18 | AG59: Afstand: 1,15 km | AH59: Afstand: 12,00 km | AI59: ✓Asbest | AJ59: ✓PCB | AK59: !Tungmetaller | AL59: Bolig i etageejendom, flerfamiliehus eller to-familiehus | AM59: Egentlig beboelseslejlighed (boligenhed med eget køkken) | AN59: 2016 | AO59: - | AP59: - | AQ59: Privatpersoner eller interessentskab | AR59: Eget køkken med afløb | AS59: 12 | AT59: 1 | AU59: 1 | AV59: 3 | AW59: Mursten | AX59: Tagpap med lille hældning | AY59: Fjernvarme/blokvarme | AZ59: - | BA59: (UDFASES) Bygningen har ingen supplerende varme | BB59: 15932 m2 | BC59: 1556.5233 | BD59: 2120.3414 | BE59: 1511.2714 | BF59: 240.3217 | BG59: A2020 | BH59: Århus Ø
A60: Kjeld Tolstrups Gade 22, 2. tv, 8000 Aarhus C | B60: 3575000 | C60: 44185 | D60: 2 | E60: 89 | G60: 40168.539 | H60: https://www.dingeo.dk/adresse/8000-Aarhus-C/Kjeld-Tolstrups-Gade-22/2-tv | I60: 58 | J60: f6340889-b465-4e1b-a1c7-fcdb4572f238 | K60: Kjeld Tolstrups Gade | L60: 22 | M60: 2 | N60: tv | O60: 8000 | P60: Aarhus C | Q60: 2194 | R60: 729685 | S60: 574156.55 | T60: 6223920.6 | U60: 56.154533 | V60: 10.19382 | W60: 1km_6223_574 | X60: Vor Frue | Y60: Aarhus Øst | Z60: Byzone | AA60: 2.9 | AB60: Rådhushallen | AC60: 1 | AD60: 4 | AE60: Meget lav | AF60: 12 - 18 | AG60: Afstand: 1,60 km | AH60: Afstand: 11,00 km | AI60: ✓Asbest | AJ60: !PCB | AK60: !Tungmetaller | AL60: Bolig i etageejendom, flerfamiliehus eller to-familiehus | AM60: Egentlig beboelseslejlighed (boligenhed med eget køkken) | AN60: 2020 | AO60: - | AP60: - | AQ60: Privatpersoner eller interessentskab | AR60: Eget køkken med afløb | AS60: 6 | AT60: 1 | AU60: 1 | AV60: 2 | AW60: Betonelementer | AX60: Tagpap med lille hældning | AY60: Fjernvarme/blokvarme | AZ60: - | BA60: (UDFASES) Bygningen har ingen supplerende varme | BB60: 3851 m2 | BC60: 1204.751 | BD60: 820.33017 | BE60: 830.45404 | BF60: 1217.3122 | BG60: A2015 | BH60: Indreby
A61: Silkeborgvej 100, 3. th, 8000 Aarhus C | B61: 1720000 | C61: 44182 | D61: 2 | E61: 53 | F61: -4 | G61: 32452.83 | H61: https://www.dingeo.dk/adresse/8000-Aarhus-C/Silkeborgvej-100/3-th | I61: 59 | J61: 0a3f50c4-1428-32b8-e044-0003ba298018 | K61: Silkeborgvej | L61: 100 | M61: 3 | N61: th | O61: 8000 | P61: Aarhus C | Q61: 12bq | R61: 408285 | S61: 573377.75 | T61: 6224146.5 | U61: 56.156683 | V61: 10.181348 | W61: 1km_6224_573 | X61: Møllevang | Y61: Aarhus Nord | Z61: Byzone | AA61: 14.1 | AB61: VIA University College | AC61: 1 | AD61: 2 | AE61: Meget lav | AF61: 12 - 18 | AG61: Afstand: 2,39 km | AH61: Afstand: 11,00 km | AI61: ✓Asbest | AJ61: !PCB | AK61: !Tungmetaller | AL61: Bolig i etageejendom, flerfamiliehus eller to-familiehus | AM61: Egentlig beboelseslejlighed (boligenhed med eget køkken) | AN61: 1935 | AO61: - | AP61: - | AQ61: Privatpersoner eller interessentskab | AR61: Eget køkken med afløb | AS61: 4 | AT61: 1 | AU61: 1 | AV61: 2 | AW61: Mursten | AX61: Tegl | AY61: Fjernvarme/blokvarme | AZ61: - | BA61: (UDFASES) Bygningen har ingen supplerende varme | BB61: 483 m2 | BC61: 2006.0466 | BD61: 1610.2657 | BE61: 1564.3003 | BF61: 1994.0399 | BG61: F | BH61: Vesterbro
A62: Lundbyesgade 9, 4. th, 8000 Aarhus C | B62: 3695000 | C62: 44182 | D62: 3 | E62: 82 | G62: 45060.976 | H62: https://www.dingeo.dk/adresse/8000-Aarhus-C/Lundbyesgade-9/4-th | I62: 60 | J62: 0a3f50c3-8fd1-32b8-e044-0003ba298018 | K62: Lundbyesgade | L62: 9 | M62: 4 | N62: th | O62: 8000 | P62: Aarhus C | Q62: 2018o | R62: 283369 | S62: 574284.12 | T62: 6224009.5 | U62: 56.155312 | V62: 10.195898 | W62: 1km_6224_574 | X62: Vor Frue | Y62: Aarhus Øst | Z62: Byzone | AA62: 2.3 | AB62: Rådhushallen | AC62: 1 | AD62: 1 | AE62: Meget lav | AF62: 12 - 18 | AG62: Afstand: 1,56 km | AH62: Afstand: 11,00 km | AI62: ✓Asbest | AJ62: !PCB | AK62: !Tungmetaller | AL62: Bolig i etageejendom, flerfamiliehus eller to-familiehus | AM62: Egentlig beboelseslejlighed (boligenhed med eget køkken) | AN62: 1925 | AO62: - | AP62: - | AQ62: Privatpersoner eller interessentskab | AR62: Eget køkken med afløb | AS62: 5 | AT62: 1 | AU62: 1 | AV62: 3 | AW62: Mursten | AX62: Tegl | AY62: Fjernvarme/blokvarme | AZ62: - | BA62: (UDFASES) Bygningen har ingen supplerende varme | BB62: 907 m2 | BC62: 1091.5759 | BD62: 778.04289 | BE62: 682.70361 | BF62: 1092.9678 | BG62: C | BH62: Indreby
A63: P.P. Ørums Gade 12, st. tv, 8000 Aarhus C | B63: 2450000 | C63: 44182 | D63: 2 | E63: 67 | F63: -2 | G63: 36567.164 | H63: https://www.dingeo.dk/adresse/8000-Aarhus-C/P.P.-Ørums-Gade-12/st-tv | I63: 61 | J63: 0a3f50c3-d7f8-32b8-e044-0003ba298018 | K63: P.P. Ørums Gade | L63: 12 | M63: st | N63: tv | O63: 8000 | P63: Aarhus C | Q63: 541 | R63: 358245 | S63: 574081.5 | T63: 6222411 | U63: 56.140984 | V63: 10.192192 | W63: 1km_6222_574 | X63: Sankt Lukas | Y63: Aarhus Syd | Z63: Byzone | AA63: 17.9 | AB63: Frederiksbjerg Hallerne | AC63: 1 | AD63: 3 | AE63: Meget lav | AF63: 12 - 18 | AG63: Afstand: 1,43 km | AH63: Afstand: 10,00 km | AI63: ✓Asbest | AJ63: ✓PCB | AK63: !Tungmetaller | AL63: Bolig i etageejendom, flerfamiliehus eller to-familiehus | AM63: Egentlig beboelseslejlighed (boligenhed med eget køkken) | AN63: 1935 | AO63: 1990 | AP63: - | AQ63: Privatpersoner eller interessentskab | AR63: Eget køkken med afløb | AS63: 5 | AT63: 1 | AU63: 1 | AV63: 2 | AW63: Mursten | AX63: Tegl | AY63: Fjernvarme/blokvarme | AZ63: - | BA63: (UDFASES) Bygningen har ingen supplerende varme | BB63: 809 m2 | BC63: 1885.4906 | BD63: 1294.5286 | BE63: 1974.1112 | BF63: 1206.3889 | BG63: D | BH63: Langenæs
A64: Frederiks Plads 8, 2. 1, 8000 Aarhus C | B64: 3050000 | C64: 44182 | D64: 2 | E64: 73 | F64: -3 | G64: 41780.822 | H64: https://www.dingeo.dk/adresse/8000-Aarhus-C/Frederiks-Plads-8/2-1 | I64: 62 | J64: 34387ca8-0b6a-4bc2-a756-9a3f2bd6ada2 | K64: Frederiks Plads | L64: 8 | M64: 2 | N64: 1 | O64: 8000 | P64: Aarhus C | Q64: 2200p | R64: 990071 | S64: 575084.45 | T64: 6223348.1 | U64: 56.149245 | V64: 10.208593 | W64: 1km_6223_575 | X64: Sankt Pauls | Y64: Aarhus Øst | Z64: Byzone | AA64: 3.9 | AB64: Rådhushallen | AC64: 1 | AD64: 1 | AE64: Meget lav | AF64: 12 - 18 | AG64: Afstand: 522 meter | AH64: Afstand: 11,00 km | AI64: !Asbest | AJ64: !PCB | AK64: !Tungmetaller | AL64: Bolig i etageejendom, flerfamiliehus eller to-familiehus | AM64: Egentlig beboelseslejlighed (boligenhed med eget køkken) | AN64: 2017 | AO64: - | AP64: - | AQ64: Privatpersoner eller interessentskab | AR64: Eget køkken med afløb | AS64: 9 | AT64: 1 | AU64: 1 | AV64: 2 | AW64: Mursten | AX64: Tagpap med stor hældning | AY64: Fjernvarme/blokvarme | AZ64: - | BA64: (UDFASES) Bygningen har ingen supplerende varme | BB64: 5430 m2 | BC64: 528.89222 | BD64: 270.99717 | BE64: 850.6881 | BF64: 326.48775 | BG64: A2015 | BH64: Frederiksbjerg
A65: Vestervang 1, st. 101, 8000 Aarhus C | B65: 5195000 | C65: 44181 | D65: 3 | E65: 117 | G65: 44401.709 | H65: https://www.dingeo.dk/adresse/8000-Aarhus-C/Vestervang-1/st-101 | I65: 63 | J65: 0a3f50c4-a3db-32b8-e044-0003ba298018 | K65: Vestervang | L65: 1 | M65: st | N65: 101 | O65: 8000 | P65: Aarhus C | Q65: 117up | R65: 529252 | S65: 574219.81 | T65: 6224720 | U65: 56.161704 | V65: 10.195061 | W65: 1km_6224_574 | X65: Sankt Markus | Y65: Aarhus Nord | Z65: Byzone | AA65: 29.9 | AB65: Møllevangskolen | AC65: 0 | AD65: 1 | AE65: Meget lav | AF65: 12 - 18 | AG65: Afstand: 2,01 km | AH65: Afstand: 12,00 km | AI65: ✓Asbest | AJ65: !PCB | AK65: !Tungmetaller | AL65: Bolig i etageejendom, flerfamiliehus eller to-familiehus | AM65: Egentlig beboelseslejlighed (boligenhed med eget køkken) | AN65: 1970 | AO65: - | AP65: - | AQ65: Aktie-, anpart- eller andet selskab (undtagen interessent­skab) | AR65: Eget køkken med afløb | AS65: 3 | AT65: 2 | AU65: 1 | AV65: 3 | AW65: Betonelementer | AX65: Tagpap med lille hældning | AY65: Fjernvarme/blokvarme | AZ65: - | BA65: (UDFASES) Bygningen har ingen supplerende varme | BB65: 2488 m2 | BC65: 1460.9345 | BD65: 1401.1229 | BE65: 898.52701 | BF65: 1228.178 | BG65: C | BH65: Øgadekvarteret
A66: Fåborggade 8, 1. tv, 8000 Aarhus C | B66: 3838500 | C66: 44181 | D66: 3 | E66: 90 | F66: 1 | G66: 42650 | H66: https://www.dingeo.dk/adresse/8000-Aarhus-C/Fåborggade-8/1-tv | I66: 64 | J66: 0a3f50c2-e864-32b8-e044-0003ba298018 | K66: Fåborggade | L66: 8 | M66: 1 | N66: tv | O66: 8000 | P66: Aarhus C | Q66: 741æ | R66: 127987 | S66: 574772.25 | T66: 6222727.5 | U66: 56.14372 | V66: 10.203395 | W66: 1km_6222_574 | X66: Sankt Pauls | Y66: Aarhus Syd | Z66: Byzone | AA66: 15.9 | AB66: Frederiksbjerg Hallerne | AC66: 0 | AD66: 1 | AE66: Meget lav | AF66: 12 - 18 | AG66: Afstand: 658 meter | AH66: Afstand: 11,00 km | AI66: ✓Asbest | AJ66: !PCB | AK66: !Tungmetaller | AL66: Bolig i etageejendom, flerfamiliehus eller to-familiehus | AM66: Egentlig beboelseslejlighed (boligenhed med eget køkken) | AN66: 1910 | AO66: - | AP66: - | AQ66: Privatpersoner eller interessentskab | AR66: Eget køkken med afløb | AS66: 5 | AT66: 1 | AU66: 1 | AV66: 3 | AW66: Mursten | AX66: Tegl | AY66: Fjernvarme/blokvarme | AZ66: - | BA66: (UDFASES) Bygningen har ingen supplerende varme | BB66: 787 m2 | BC66: 1222.4422 | BD66: 737.84312 | BE66: 1469.8703 | BF66: 650.77184 | BG66: D | BH66: Frederiksbjerg
A67: Frederiksbjerg Torv 7, st. th, 8000 Aarhus C | B67: 4480000 | C67: 44180 | D67: 2 | E67: 98 | F67: 0 | G67: 45714.286 | H67: https://www.dingeo.dk/adresse/8000-Aarhus-C/Frederiksbjerg-Torv-7/st-th | I67: 65 | J67: 0a3f50c2-de75-32b8-e044-0003ba298018 | K67: Frederiksbjerg Torv | L67: 7 | M67: st | N67: th | O67: 8000 | P67: Aarhus C | Q67: 802al | R67: 120672 | S67: 574069.75 | T67: 6222981 | U67: 56.146106 | V67: 10.192162 | W67: 1km_6222_574 | X67: Sankt Lukas | Y67: Aarhus Syd | Z67: Byzone | AA67: 14.7 | AB67: Lokalcenter Fr.Bjerg/Langenæs | AC67: 0 | AD67: 4 | AE67: Meget lav | AF67: 12 - 18 | AG67: Afstand: 1,35 km | AH67: Afstand: 10,00 km | AI67: !Asbest | AJ67: ✓PCB | AK67: !Tungmetaller | AL67: Bolig i etageejendom, flerfamiliehus eller to-familiehus | AM67: Egentlig beboelseslejlighed (boligenhed med eget køkken) | AN67: 1912 | AO67: - | AP67: - | AQ67: Privatpersoner eller interessentskab | AR67: Eget køkken med afløb | AS67: 5 | AT67: 1 | AU67: 1 | AV67: 2 | AW67: Mursten | AX67: Tegl | AY67: Fjernvarme/blokvarme | AZ67: - | BA67: (UDFASES) Bygningen har ingen supplerende varme | BB67: 757 m2 | BC67: 1524.8031 | BD67: 905.49451 | BE67: 1489.053 | BF67: 1311.0599 | BG67: D | BH67: Frederiksbjerg
A68: Kystvejen 63, st. tv, 8000 Aarhus C | B68: 1740000 | C68: 44180 | D68: 1 | E68: 56 | F68: -3 | G68: 31071.429 | H68: https://www.dingeo.dk/adresse/8000-Aarhus-C/Kystvejen-63/st-tv | I68: 66 | J68: 0a3f50c3-767b-32b8-e044-0003ba298018 | K68: Kystvejen | L68: 63 | M68: st | N68: tv | O68: 8000 | P68: Aarhus C | Q68: 911c | R68: 262973 | S68: 575475.38 | T68: 6224761 | U68: 56.161875 | V68: 10.215285 | W68: 1km_6224_575 | X68: Aarhus Domsogn | Y68: Aarhus Øst | Z68: Byzone | AA68: 2.5 | AB68: DOKK1 | AC68: 0 | AD68: 6 | AE68: Meget lav | AF68: 12 - 18 | AG68: Afstand: 1,02 km | AH68: Afstand: 12,00 km | AI68: ✓Asbest | AJ68: !PCB | AK68: !Tungmetaller | AL68: Bolig i etageejendom, flerfamiliehus eller to-familiehus | AM68: Egentlig beboelseslejlighed (boligenhed med eget køkken) | AN68: 1899 | AO68: 2008 | AP68: - | AQ68: Privatpersoner eller interessentskab | AR68: Eget køkken med afløb | AS68: 5 | AT68: 1 | AU68: 1 | AV68: 1 | AW68: Mursten | AX68: Fibercement herunder asbest | AY68: Fjernvarme/blokvarme | AZ68: - | BA68: (UDFASES) Bygningen har ingen supplerende varme | BB68: 1234 m2 | BC68: 967.07101 | BD68: 1446.0707 | BE68: 780.98523 | BF68: 46.059263 | BG68: C | BH68: Trøjborg
A69: Ny Munkegade 62B, st. tv, 8000 Aarhus C | B69: 1715000 | C69: 44180 | D69: 2 | E69: 43 | F69: -5 | G69: 39883.721 | H69: https://www.dingeo.dk/adresse/8000-Aarhus-C/Ny-Munkegade-62B/st-tv | I69: 67 | J69: 0a3f50c3-bf90-32b8-e044-0003ba298018 | K69: Ny Munkegade | L69: 62B | M69: st | N69: tv | O69: 8000 | P69: Aarhus C | Q69: 1665 | R69: 338791 | S69: 574689.75 | T69: 6224899.5 | U69: 56.163243 | V69: 10.202677 | W69: 1km_6224_574 | X69: Aarhus Domsogn | Y69: Aarhus Øst | Z69: Byzone | AA69: 27.3 | AB69: Samsøgades Skole | AC69: 1 | AD69: 1 | AE69: Meget lav | AF69: 12 - 18 | AG69: Afstand: 1,71 km | AH69: Afstand: 12,00 km | AI69: ✓Asbest | AJ69: !PCB | AK69: !Tungmetaller | AL69: Bolig i etageejendom, flerfamiliehus eller to-familiehus | AM69: Egentlig beboelseslejlighed (boligenhed med eget køkken) | AN69: 1890 | AO69: - | AP69: - | AQ69: Privatpersoner eller interessentskab | AR69: Eget køkken med afløb | AS69: 2 | AT69: 1 | AU69: 1 | AV69: 2 | AW69: Mursten | AX69: Tegl | AY69: Fjernvarme/blokvarme | AZ69: - | BA69: (UDFASES) Bygningen har ingen supplerende varme | BB69: 170 m2 | BC69: 1284.9601 | BD69: 1444.9571 | BE69: 756.51372 | BF69: 830.818 | BG69: D | BH69: Øgadekvarteret
A70: Sølystgade 9, st, 8000 Aarhus C | B70: 2550000 | C70: 44180 | D70: 2 | E70: 55 | F70: -2 | G70: 46363.636 | H70: https://www.dingeo.dk/adresse/8000-Aarhus-C/Sølystgade-9/st | I70: 68 | J70: 0a3f50c4-65f0-32b8-e044-0003ba298018 | K70: Sølystgade | L70: 9 | M70: st | O70: 8000 | P70: Aarhus C | Q70: 1154ab | R70: 479972 | S70: 574931.5 | T70: 6224864 | U70: 56.162886 | V70: 10.206558 | W70: 1km_6224_574 | X70: Aarhus Domsogn | Y70: Aarhus Øst | Z70: Byzone | AA70: 18.3 | AB70: Samsøgades Skole | AC70: 1 | AD70: 2 | AE70: Meget lav | AF70: 12 - 18 | AG70: Afstand: 1,50 km | AH70: Afstand: 12,00 km | AI70: ✓Asbest | AJ70: ✓PCB | AK70: !Tungmetaller | AL70: Bolig i etageejendom, flerfamiliehus eller to-familiehus | AM70: Egentlig beboelseslejlighed (boligenhed med eget køkken) | AN70: 1883 | AO70: 1975 | AP70: - | AQ70: Privatpersoner eller interessentskab | AR70: Eget køkken med afløb | AS70: 2 | AT70: 1 | AU70: 1 | AV70: 2 | AW70: Mursten | AX70: Tegl | AY70: Fjernvarme/blokvarme | AZ70: - | BA70: (UDFASES) Bygningen har ingen supplerende varme | BB70: 124 m2 | BC70: 1144.9293 | BD70: 1404.9019 | BE70: 677.07196 | BF70: 591.7429 | BG70: C | BH70: Øgadekvarteret
A71: Telefontorvet 4, 2. tv, 8000 Aarhus C | B71: 3700000 | C71: 44180 | D71: 3 | E71: 107 | F71: -3 | G71: 34579.439 | H71: https://www.dingeo.dk/adresse/8000-Aarhus-C/Telefontorvet-4/2-tv | I71: 69 | J71: 0ab7a635-44f9-0435-e044-0003ba298018 | K71: Telefontorvet | L71: 4 | M71: 2 | N71: tv | O71: 8000 | P71: Aarhus C | Q71: 217b | R71: 959990 | S71: 574980.19 | T71: 6224055.5 | U71: 56.155616 | V71: 10.207114 | W71: 1km_6224_574 | X71: Vor Frue | Y71: Aarhus Øst | Z71: Byzone | AA71: 6.3 | AB71: Rådhushallen | AC71: 1 | AD71: 1 | AE71: medium | AF71: 12 - 18 | AG71: Afstand: 1,04 km | AH71: Afstand: 12,00 km | AI71: ✓Asbest | AJ71: !PCB | AK71: !Tungmetaller | AL71: Bolig i etageejendom, flerfamiliehus eller to-familiehus | AM71: Egentlig beboelseslejlighed (boligenhed med eget køkken) | AN71: 2005 | AO71: 2019 | AP71: - | AQ71: Privatpersoner eller interessentskab | AR71: Eget køkken med afløb | AS71: 5 | AT71: 1 | AU71: 1 | AV71: 3 | AW71: Betonelementer | AX71: Tagpap med lille hældning | AY71: Fjernvarme/blokvarme | AZ71: - | BA71: (UDFASES) Bygningen har ingen supplerende varme | BB71: 7511 m2 | BC71: 454.63031 | BD71: 609.90799 | BE71: 136.34314 | BF71: 398.73378 | BG71: C | BH71: Indreby
A72: Jerichausgade 17, 3. th, 8000 Aarhus C | B72: 2900000 | C72: 44179 | D72: 3 | E72: 75 | F72: -5 | G72: 38666.667 | H72: https://www.dingeo.dk/adresse/8000-Aarhus-C/Jerichausgade-17/3-th | I72: 70 | J72: 0a3f50c3-4b96-32b8-e044-0003ba298018 | K72: Jerichausgade | L72: 17 | M72: 3 | N72: th | O72: 8000 | P72: Aarhus C | Q72: 2014s | R72: 224311 | S72: 574258.19 | T72: 6223946.5 | U72: 56.15475 | V72: 10.195463 | W72: 1km_6223_574 | X72: Vor Frue | Y72: Aarhus Øst | Z72: Byzone | AA72: 2.3 | AB72: Rådhushallen | AC72: 0 | AD72: 1 | AE72: Meget lav | AF72: 12 - 18 | AG72: Afstand: 1,54 km | AH72: Afstand: 11,00 km | AI72: !Asbest | AJ72: !PCB | AK72: !Tungmetaller | AL72: Bolig i etageejendom, flerfamiliehus eller to-familiehus | AM72: Egentlig beboelseslejlighed (boligenhed med eget køkken) | AN72: 1930 | AO72: 1969 | AP72: - | AQ72: Privatpersoner eller interessentskab | AR72: Eget køkken med afløb | AS72: 5 | AT72: 1 | AU72: 1 | AV72: 3 | AW72: Mursten | AX72: Tegl | AY72: Fjernvarme/blokvarme | AZ72: - | BA72: - | BB72: 683 m2 | BC72: 1106.9649 | BD72: 754.75254 | BE72: 726.09999 | BF72: 1115.8375 | BG72: D | BH72: Indreby
A73: Åboulevarden 56, 2, 8000 Aarhus C | B73: 4900000 | C73: 44179 | D73: 3 | E73: 77 | G73: 63636.364 | H73: https://www.dingeo.dk/adresse/8000-Aarhus-C/Åboulevarden-56/2 | I73: 71 | J73: 0a3f50c4-c401-32b8-e044-0003ba298018 | K73: Åboulevarden | L73: 56 | M73: 2 | O73: 8000 | P73: Aarhus C | Q73: 768 | R73: 562608 | S73: 575023.25 | T73: 6224170.5 | U73: 56.156642 | V73: 10.20784 | W73: 1km_6224_575 | X73: Vor Frue | Y73: Aarhus Øst | Z73: Byzone | AA73: 2.1 | AB73: DOKK1 | AC73: 0 | AD73: 1 | AE73: Meget lav | AF73: 12 - 18 | AG73: Afstand: 1,03 km | AH73: Afstand: 12,00 km | AI73: !Asbest | AJ73: !PCB | AK73: !Tungmetaller | AL73: Bolig i etageejendom, flerfamiliehus eller to-familiehus | AM73: Egentlig beboelseslejlighed (boligenhed med eget køkken) | AN73: 1902 | AO73: - | AP73: - | AQ73: Aktie-, anpart- eller andet selskab (undtagen interessent­skab) | AR73: Eget køkken med afløb | AS73: 3 | AT73: 1 | AU73: 1 | AV73: 3 | AW73: Mursten | AX73: Fibercement herunder asbest | AY73: Fjernvarme/blokvarme | AZ73: - | BA73: (UDFASES) Bygningen har ingen supplerende varme | BB73: 402 m2 | BC73: 497.88428 | BD73: 731.90861 | BE73: 80.211156 | BF73: 348.99515 | BG73: F | BH73: Indreby
A74: Åboulevarden 54, 1, 8000 Aarhus C | B74: 1950000 | C74: 44179 | D74: 2 | E74: 60 | F74: 0 | G74: 32500 | H74: https://www.dingeo.dk/adresse/8000-Aarhus-C/Åboulevarden-54/1 | I74: 72 | J74: 0a3f50c4-c3ec-32b8-e044-0003ba298018 | K74: Åboulevarden | L74: 54 | M74: 1 | O74: 8000 | P74: Aarhus C | Q74: 768 | R74: 562608 | S74: 575028.57 | T74: 6224166 | U74: 56.156601 | V74: 10.207924 | W74: 1km_6224_575 | X74: Vor Frue | Y74: Aarhus Øst | Z74: Byzone | AA74: 2 | AB74: DOKK1 | AC74: 0 | AD74: 1 | AE74: Meget lav | AF74: 12 - 18 | AG74: Afstand: 1,03 km | AH74: Afstand: 12,00 km | AI74: !Asbest | AJ74: !PCB | AK74: !Tungmetaller | AL74: Bolig i etageejendom, flerfamiliehus eller to-familiehus | AM74: Egentlig beboelseslejlighed (boligenhed med eget køkken) | AN74: 1902 | AO74: - | AP74: - | AQ74: Privatpersoner eller interessentskab | AR74: Eget køkken med afløb | AS74: 3 | AT74: 1 | AU74: 1 | AV74: 2 | AW74: Mursten | AX74: Fibercement herunder asbest | AY74: Fjernvarme/blokvarme | AZ74: - | BA74: (UDFASES) Bygningen har ingen supplerende varme | BB74: 402 m2 | BC74: 490.98584 | BD74: 728.91963 | BE74: 86.401725 | BF74: 343.34291 | BG74: F | BH74: Indreby
A75: Falstersgade 41B, 2. th, 8000 Aarhus C | B75: 1575000 | C75: 44178 | D75: 4 | E75: 92 | F75: -52 | G75: 17119.565 | H75: https://www.dingeo.dk/adresse/8000-Aarhus-C/Falstersgade-41B/2-th | I75: 73 | J75: 0a3f50c2-d16b-32b8-e044-0003ba298018 | K75: Falstersgade | L75: 41B | M75: 2 | N75: th | O75: 8000 | P75: Aarhus C | Q75: 1823a | R75: 108672 | S75: 574442.06 | T75: 6224969 | U75: 56.163906 | V75: 10.198709 | W75: 1km_6224_574 | X75: Sankt Markus | Y75: Aarhus Øst | Z75: Byzone | AA75: 34.2 | AB75: Samsøgades Skole | AC75: 1 | AD75: 1 | AE75: Meget lav | AF75: 12 - 18 | AG75: Afstand: 1,95 km | AH75: Afstand: 11,00 km | AI75: ✓Asbest | AJ75: !PCB | AK75: !Tungmetaller | AL75: Bolig i etageejendom, flerfamiliehus eller to-familiehus | AM75: Egentlig beboelseslejlighed (boligenhed med eget køkken) | AN75: 1968 | AO75: - | AP75: - | AQ75: Privatpersoner eller interessentskab | AR75: Eget køkken med afløb | AS75: 2 | AT75: 1 | AU75: 1 | AV75: 4 | AW75: Mursten | AX75: Tegl | AY75: Fjernvarme/blokvarme | AZ75: - | BA75: (UDFASES) Bygningen har ingen supplerende varme | BB75: 434 m2 | BC75: 1483.0406 | BD75: 1557.8763 | BE75: 929.0238 | BF75: 1086.9674 | BG75: D | BH75: Øgadekvarteret
A76: Thunøgade 50, 1, 8000 Aarhus C | B76: 4750000 | C76: 44177 | D76: 3 | E76: 108 | F76: -1 | G76: 43981.481 | H76: https://www.dingeo.dk/adresse/8000-Aarhus-C/Thunøgade-50/1 | I76: 74 | J76: 0a3f50c4-776d-32b8-e044-0003ba298018 | K76: Thunøgade | L76: 50 | M76: 1 | O76: 8000 | P76: Aarhus C | Q76: 1867 | R76: 498314 | S76: 574629.19 | T76: 6224631 | U76: 56.160841 | V76: 10.201626 | W76: 1km_6224_574 | X76: Sankt Markus | Y76: Aarhus Øst | Z76: Byzone | AA76: 10.4 | AB76: Samsøgades Skole | AC76: 0 | AD76: 2 | AE76: Meget lav | AF76: 12 - 18 | AG76: Afstand: 1,60 km | AH76: Afstand: 12,00 km | AI76: !Asbest | AJ76: !PCB | AK76: !Tungmetaller | AL76: Bolig i etageejendom, flerfamiliehus eller to-familiehus | AM76: Egentlig beboelseslejlighed (boligenhed med eget køkken) | AN76: 1895 | AO76: - | AP76: - | AQ76: Privatpersoner eller interessentskab | AR76: Eget køkken med afløb | AS76: 3 | AT76: 1 | AU76: 1 | AV76: 3 | AW76: Mursten | AX76: Tegl | AY76: Fjernvarme/blokvarme | AZ76: - | BA76: (UDFASES) Bygningen har ingen supplerende varme | BB76: 158 m2 | BC76: 1103.416 | BD76: 1187.2897 | BE76: 544.23508 | BF76: 810.96763 | BG76: D | BH76: Øgadekvarteret
A77: Skt. Pauls Gade 19, st, 8000 Aarhus C | B77: 1795000 | C77: 44176 | D77: 1 | E77: 46 | F77: -3 | G77: 39021.739 | H77: https://www.dingeo.dk/adresse/8000-Aarhus-C/Skt.-Pauls-Gade-19/st | I77: 75 | J77: 0a3f50c4-38ba-32b8-e044-0003ba298018 | K77: Skt. Pauls Gade | L77: 19 | M77: st | O77: 8000 | P77: Aarhus C | Q77: 720l | R77: 439849 | S77: 574675.75 | T77: 6223000.5 | U77: 56.146187 | V77: 10.201918 | W77: 1km_6223_574 | X77: Sankt Pauls | Y77: Aarhus Syd | Z77: Byzone | AA77: 21.7 | AB77: Frederiksbjerg Hallerne | AC77: 1 | AD77: 1 | AE77: Meget lav | AF77: 12 - 18 | AG77: Afstand: 730 meter | AH77: Afstand: 11,00 km | AI77: ✓Asbest | AJ77: !PCB | AK77: !Tungmetaller | AL77: Bolig i etageejendom, flerfamiliehus eller to-familiehus | AM77: Egentlig beboelseslejlighed (boligenhed med eget køkken) | AN77: 1905 | AO77: - | AP77: - | AQ77: Privatpersoner eller interessentskab | AR77: Eget køkken med afløb | AS77: 5 | AT77: 1 | AU77: 1 | AV77: 1 | AW77: Mursten | AX77: Fibercement herunder asbest | AY77: Fjernvarme/blokvarme | AZ77: - | BA77: (UDFASES) Bygningen har ingen supplerende varme | BB77: 1057 m2 | BC77: 1050.9049 | BD77: 489.50691 | BE77: 1216.6933 | BF77: 705.89226 | BG77: E | BH77: Frederiksbjerg
A78: Heibergsgade 27, 4. th, 8000 Aarhus C | B78: 6750000 | C78: 44175 | D78: 4 | E78: 162 | G78: 41666.667 | H78: https://www.dingeo.dk/adresse/8000-Aarhus-C/Heibergsgade-27/4-th | I78: 76 | J78: 0a3f50c3-178a-32b8-e044-0003ba298018 | K78: Heibergsgade | L78: 27 | M78: 4 | N78: th | O78: 8000 | P78: Aarhus C | Q78: 732af | R78: 174225 | S78: 575049.31 | T78: 6222970 | U78: 56.145854 | V78: 10.207921 | W78: 1km_6222_575 | X78: Sankt Pauls | Y78: Aarhus Syd | Z78: Byzone | AA78: 14.1 | AB78: Frederiksbjerg Hallerne | AC78: 0 | AD78: 1 | AE78: Meget lav | AF78: 12 - 18 | AG78: Afstand: 346 meter | AH78: Afstand: 11,00 km | AI78: ✓Asbest | AJ78: !PCB | AK78: !Tungmetaller | AL78: Bolig i etageejendom, flerfamiliehus eller to-familiehus | AM78: Egentlig beboelseslejlighed (boligenhed med eget køkken) | AN78: 1908 | AO78: - | AP78: - | AQ78: Privatpersoner eller interessentskab | AR78: Eget køkken med afløb | AS78: 4 | AT78: 1 | AU78: 1 | AV78: 4 | AW78: Mursten | AX78: Tegl | AY78: Fjernvarme/blokvarme | AZ78: - | BA78: (UDFASES) Bygningen har ingen supplerende varme | BB78: 1570 m2 | BC78: 886.40113 | BD78: 535.55657 | BE78: 1221.737 | BF78: 331.17134 | BG78: D | BH78: Frederiksbjerg
A79: Ingerslevs Plads 1B, 5, 8000 Aarhus C | B79: 4450000 | C79: 44175 | D79: 3 | E79: 87 | F79: -3 | G79: 51149.425 | H79: https://www.dingeo.dk/adresse/8000-Aarhus-C/Ingerslevs-Plads-1B/5 | I79: 77 | J79: 4eca26b5-fa6d-6765-e044-0003ba298018 | K79: Ingerslevs Plads | L79: 1B | M79: 5 | O79: 8000 | P79: Aarhus C | Q79: 739v | R79: 210744 | S79: 574554.94 | T79: 6222850.5 | U79: 56.144858 | V79: 10.199932 | W79: 1km_6222_574 | X79: Sankt Pauls | Y79: Aarhus Syd | Z79: Byzone | AA79: 20.3 | AB79: Frederiksbjerg Hallerne | AC79: 1 | AD79: 1 | AE79: Meget lav | AF79: 12 - 18 | AG79: Afstand: 854 meter | AH79: Afstand: 11,00 km | AI79: ✓Asbest | AJ79: !PCB | AK79: !Tungmetaller | AL79: Bolig i etageejendom, flerfamiliehus eller to-familiehus | AM79: Egentlig beboelseslejlighed (boligenhed med eget køkken) | AN79: 1911 | AO79: - | AP79: - | AQ79: Privatpersoner eller interessentskab | AR79: Eget køkken med afløb | AS79: 5 | AT79: 1 | AU79: 1 | AV79: 3 | AW79: Mursten | AX79: Tegl | AY79: Fjernvarme/blokvarme | AZ79: - | BA79: (UDFASES) Bygningen har ingen supplerende varme | BB79: 866 m2 | BC79: 1243.2998 | BD79: 674.03914 | BE79: 1392.1666 | BF79: 832.64053 | BG79: D | BH79: Frederiksbjerg
A80: Skernvej 8, 2. tv, 8000 Aarhus C | B80: 2650000 | C80: 44175 | D80: 2 | E80: 66 | G80: 40151.515 | H80: https://www.dingeo.dk/adresse/8000-Aarhus-C/Skernvej-8/2-tv | I80: 78 | J80: 0a3f50c4-2929-32b8-e044-0003ba298018 | K80: Skernvej | L80: 8 | M80: 2 | N80: tv | O80: 8000 | P80: Aarhus C | Q80: 12ap | R80: 421869 | S80: 573897.43 | T80: 6224275 | U80: 56.157757 | V80: 10.189748 | W80: 1km_6224_573 | X80: Sankt Markus | Y80: Aarhus Nord | Z80: Byzone | AA80: 13.4 | AB80: VIA University College | AC80: 0 | AD80: 1 | AE80: Meget lav | AF80: 12 - 18 | AG80: Afstand: 2,03 km | AH80: Afstand: 11,00 km | AI80: !Asbest | AJ80: !PCB | AK80: !Tungmetaller | AL80: Bolig i etageejendom, flerfamiliehus eller to-familiehus | AM80: Egentlig beboelseslejlighed (boligenhed med eget køkken) | AN80: 1931 | AO80: - | AP80: - | AQ80: Privatpersoner eller interessentskab | AR80: Eget køkken med afløb | AS80: 5 | AT80: 1 | AU80: 1 | AV80: 2 | AW80: Mursten | AX80: Tegl | AY80: Fjernvarme/blokvarme | AZ80: - | BA80: (UDFASES) Bygningen har ingen supplerende varme | BB80: 661 m2 | BC80: 1532.5544 | BD80: 1241.9044 | BE80: 1048.8182 | BF80: 1480.7752 | BG80: E | BH80: Vesterbro
A81: Banegårdsgade 1, 1. 11, 8000 Aarhus C | B81: 1525000 | C81: 44175 | D81: 1 | E81: 41 | G81: 37195.122 | H81: https://www.dingeo.dk/adresse/8000-Aarhus-C/Banegårdsgade-1/1-11 | I81: 79 | J81: 0a3f50c2-74dd-32b8-e044-0003ba298018 | K81: Banegårdsgade | L81: 1 | M81: 1 | N81: 11 | O81: 8000 | P81: Aarhus C | Q81: 1a | R81: 22832 | S81: 574555.44 | T81: 6223496.5 | U81: 56.150661 | V81: 10.200121 | W81: 1km_6223_574 | X81: Vor Frue | Y81: Aarhus Øst | Z81: Byzone | AA81: 16.7 | AB81: Rådhushallen | AC81: 1 | AD81: 2 | AE81: Meget lav | AF81: 12 - 18 | AG81: Afstand: 1,02 km | AH81: Afstand: 11,00 km | AI81: ✓Asbest | AJ81: !PCB | AK81: !Tungmetaller | AL81: Bolig i etageejendom, flerfamiliehus eller to-familiehus | AM81: Egentlig beboelseslejlighed (boligenhed med eget køkken) | AN81: 1956 | AO81: - | AP81: - | AQ81: Privatpersoner eller interessentskab | AR81: Eget køkken med afløb | AS81: 6 | AT81: 1 | AU81: 1 | AV81: 1 | AW81: Betonelementer | AX81: Tagpap med lille hældning | AY81: Fjernvarme/blokvarme | AZ81: - | BA81: (UDFASES) Bygningen har ingen supplerende varme | BB81: 2433 m2 | BC81: 856.70617 | BD81: 284.31107 | BE81: 792.39762 | BF81: 873.47814 | BG81: D | BH81: Indreby
A82: Hans Schourups Gade 8, 4. tv, 8000 Aarhus C | B82: 2665000 | C82: 44175 | D82: 2 | E82: 70 | F82: -1 | G82: 38071.429 | H82: https://www.dingeo.dk/adresse/8000-Aarhus-C/Hans-Schourups-Gade-8/4-tv | I82: 80 | J82: 0a3f50c3-0aaf-32b8-e044-0003ba298018 | K82: Hans Schourups Gade | L82: 8 | M82: 4 | N82: tv | O82: 8000 | P82: Aarhus C | Q82: 564 | R82: 159005 | S82: 574040.81 | T82: 6222481 | U82: 56.141619 | V82: 10.191557 | W82: 1km_6222_574 | X82: Sankt Lukas | Y82: Aarhus Syd | Z82: Byzone | AA82: 18.7 | AB82: Frederiksbjerg Hallerne | AC82: 0 | AD82: 1 | AE82: Meget lav | AF82: 12 - 18 | AG82: Afstand: 1,45 km | AH82: Afstand: 10,00 km | AI82: ✓Asbest | AJ82: ✓PCB | AK82: !Tungmetaller | AL82: Bolig i etageejendom, flerfamiliehus eller to-familiehus | AM82: Egentlig beboelseslejlighed (boligenhed med eget køkken) | AN82: 1935 | AO82: - | AP82: - | AQ82: Privatpersoner eller interessentskab | AR82: Eget køkken med afløb | AS82: 5 | AT82: 1 | AU82: 1 | AV82: 2 | AW82: Mursten | AX82: Tegl | AY82: Fjernvarme/blokvarme | AZ82: - | BA82: (UDFASES) Bygningen har ingen supplerende varme | BB82: 700 m2 | BC82: 1862.9047 | BD82: 1263.5189 | BE82: 1930.0043 | BF82: 1272.8319 | BG82: C | BH82: Langenæs
A83: Mariane Thomsens Gade 50, 7, 8000 Aarhus C | B83: 8900000 | C83: 44175 | D83: 4 | E83: 199 | F83: -4 | G83: 44723.618 | H83: https://www.dingeo.dk/adresse/8000-Aarhus-C/Mariane-Thomsens-Gade-50/7 | I83: 81 | J83: d29c847f-23a6-4d66-b5f9-d27a6c905af8 | K83: Mariane Thomsens Gade | L83: 50 | M83: 7 | O83: 8000 | P83: Aarhus C | Q83: 2148ds | R83: 984888 | S83: 576419.18 | T83: 6225119.1 | U83: 56.164941 | V83: 10.23058 | W83: 1km_6225_576 | X83: Aarhus Domsogn | Y83: Aarhus Øst | Z83: Byzone | AA83: 1.8 | AB83: DOKK1 | AC83: 1 | AD83: 1 | AE83: Meget lav | AF83: 12 - 18 | AG83: Afstand: 1,12 km | AH83: Afstand: 12,00 km | AI83: ✓Asbest | AJ83: !PCB | AK83: !Tungmetaller | AL83: Bolig i etageejendom, flerfamiliehus eller to-familiehus | AM83: Egentlig beboelseslejlighed (boligenhed med eget køkken) | AN83: 2013 | AO83: - | AP83: - | AQ83: Privatpersoner eller interessentskab | AR83: Eget køkken med afløb | AS83: 8 | AT83: 2 | AU83: 2 | AV83: 4 | AW83: Andet materiale | AX83: Andet materiale | AY83: Fjernvarme/blokvarme | AZ83: - | BA83: (UDFASES) Bygningen har ingen supplerende varme | BB83: 6134 m2 | BC83: 1690.908 | BD83: 2287.8823 | BE83: 1741.8873 | BF83: 427.3489 | BG83: AAA | BH83: Århus Ø
A84: Skt. Pauls Gade 11B, st, 8000 Aarhus C | B84: 1995000 | C84: 44174 | D84: 3 | E84: 72 | G84: 27708.333 | H84: https://www.dingeo.dk/adresse/8000-Aarhus-C/Skt.-Pauls-Gade-11B/st | I84: 82 | J84: 0a3f50c4-3884-32b8-e044-0003ba298018 | K84: Skt. Pauls Gade | L84: 11B | M84: st | O84: 8000 | P84: Aarhus C | Q84: 345d | R84: 439636 | S84: 574747 | T84: 6223010 | U84: 56.146261 | V84: 10.203068 | W84: 1km_6223_574 | X84: Sankt Pauls | Y84: Aarhus Syd | Z84: Byzone | AA84: 21.7 | AB84: Frederiksbjerg Hallerne | AC84: 0 | AD84: 1 | AE84: Meget lav | AF84: 12 - 18 | AG84: Afstand: 659 meter | AH84: Afstand: 11,00 km | AI84: ✓Asbest | AJ84: !PCB | AK84: !Tungmetaller | AL84: Bolig i etageejendom, flerfamiliehus eller to-familiehus | AM84: Egentlig beboelseslejlighed (boligenhed med eget køkken) | AN84: 1902 | AO84: - | AP84: - | AQ84: Privatpersoner eller interessentskab | AR84: Eget køkken med afløb | AS84: 5 | AT84: 1 | AU84: 0 | AV84: 3 | AW84: Mursten | AX84: Tegl | AY84: Fjernvarme/blokvarme | AZ84: - | BA84: (UDFASES) Bygningen har ingen supplerende varme | BB84: 373 m2 | BC84: 998.76987 | BD84: 461.44096 | BE84: 1193.6445 | BF84: 635.44581 | BG84: D | BH84: Frederiksbjerg
A85: Lollandsgade 69, 3. tv, 8000 Aarhus C | B85: 1865000 | C85: 44174 | D85: 2 | E85: 47 | G85: 39680.851 | H85: https://www.dingeo.dk/adresse/8000-Aarhus-C/Lollandsgade-69/3-tv | I85: 83 | J85: 0a3f50c3-8bec-32b8-e044-0003ba298018 | K85: Lollandsgade | L85: 69 | M85: 3 | N85: tv | O85: 8000 | P85: Aarhus C | Q85: 1924 | R85: 281781 | S85: 574561.25 | T85: 6224693 | U85: 56.161408 | V85: 10.20055 | W85: 1km_6224_574 | X85: Sankt Markus | Y85: Aarhus Øst | Z85: Byzone | AA85: 14.1 | AB85: Samsøgades Skole | AC85: 0 | AD85: 1 | AE85: Meget lav | AF85: 12 - 18 | AG85: Afstand: 1,69 km | AH85: Afstand: 12,00 km | AI85: ✓Asbest | AJ85: !PCB | AK85: !Tungmetaller | AL85: Bolig i etageejendom, flerfamiliehus eller to-familiehus | AM85: Egentlig beboelseslejlighed (boligenhed med eget køkken) | AN85: 1897 | AO85: - | AP85: - | AQ85: Privatpersoner eller interessentskab | AR85: Eget køkken med afløb | AS85: 3 | AT85: 1 | AU85: 1 | AV85: 2 | AW85: Mursten | AX85: Tegl | AY85: Fjernvarme/blokvarme | AZ85: - | BA85: (UDFASES) Bygningen har ingen supplerende varme | BB85: 273 m2 | BC85: 1194.784 | BD85: 1261.489 | BE85: 634.33917 | BF85: 893.34907 | BG85: D | BH85: Øgadekvarteret
A86: Jægergårdsgade 88, 2. tv, 8000 Aarhus C | B86: 2098000 | C86: 44174 | D86: 2 | E86: 51 | G86: 41137.255 | H86: https://www.dingeo.dk/adresse/8000-Aarhus-C/Jægergårdsgade-88/2-tv | I86: 84 | J86: 0a3f50c3-54b1-32b8-e044-0003ba298018 | K86: Jægergårdsgade | L86: 88 | M86: 2 | N86: tv | O86: 8000 | P86: Aarhus C | Q86: 186 | R86: 229992 | S86: 574720 | T86: 6223215 | U86: 56.148107 | V86: 10.202691 | W86: 1km_6223_574 | X86: Sankt Pauls | Y86: Aarhus Øst | Z86: Byzone | AA86: 16.4 | AB86: Rådhushallen | AC86: 1 | AD86: 1 | AE86: meget høj | AF86: 12 - 18 | AG86: Afstand: 740 meter | AH86: Afstand: 11,00 km | AI86: ✓Asbest | AJ86: ✓PCB | AK86: !Tungmetaller | AL86: Bolig i etageejendom, flerfamiliehus eller to-familiehus | AM86: Egentlig beboelseslejlighed (boligenhed med eget køkken) | AN86: 1891 | AO86: 1989 | AP86: - | AQ86: Privatpersoner eller interessentskab | AR86: Eget køkken med afløb | AS86: 3 | AT86: 1 | AU86: 1 | AV86: 2 | AW86: Mursten | AX86: Tegl | AY86: Fjernvarme/blokvarme | AZ86: - | BA86: (UDFASES) Bygningen har ingen supplerende varme | BB86: 360 m2 | BC86: 865.28389 | BD86: 274.05212 | BE86: 997.72409 | BF86: 694.30724 | BG86: E | BH86: Frederiksbjerg
A87: Ceresbyen 37, 5. 3, 8000 Aarhus C | B87: 3698000 | C87: 44174 | D87: 3 | E87: 86 | G87: 43000 | H87: https://www.dingeo.dk/adresse/8000-Aarhus-C/Ceresbyen-37/5-3 | I87: 85 | J87: 533a6b8e-1613-4b6b-9b5c-312069977a41 | K87: Ceresbyen | L87: 37 | M87: 5 | N87: 3 | O87: 8000 | P87: Aarhus C | Q87: 1276h | R87: 990778 | S87: 574021.18 | T87: 6224164.6 | U87: 56.156746 | V87: 10.191709 | W87: 1km_6224_574 | X87: Vor Frue | Y87: Aarhus Nord | Z87: Byzone | AA87: 9.1 | AB87: VIA University College | AC87: 1 | AD87: 1 | AE87: Meget lav | AF87: 12 - 18 | AG87: Afstand: 1,87 km | AH87: Afstand: 11,00 km | AI87: ✓Asbest | AJ87: !PCB | AK87: !Tungmetaller | AL87: Bolig i etageejendom, flerfamiliehus eller to-familiehus | AM87: Egentlig beboelseslejlighed (boligenhed med eget køkken) | AN87: 2017 | AO87: - | AP87: - | AQ87: Privatpersoner eller interessentskab | AR87: Eget køkken med afløb | AS87: 6 | AT87: 1 | AU87: 1 | AV87: 3 | AW87: Mursten | AX87: Tagpap med lille hældning | AY87: Fjernvarme/blokvarme | AZ87: - | BA87: - | BB87: 1860 m2 | BC87: 1382.5773 | BD87: 1076.2796 | BE87: 921.89158 | BF87: 1350.7121 | BG87: A2015 | BH87: Ceresbyen
A88: Absalonsgade 17C, st, 8000 Aarhus C | B88: 1250000 | C88: 44174 | D88: 1 | E88: 34 | F88: -7 | G88: 36764.706 | H88: https://www.dingeo.dk/adresse/8000-Aarhus-C/Absalonsgade-17C/st | I88: 86 | J88: ae4cf7b0-c93e-4498-b0bf-525b5afdb162 | K88: Absalonsgade | L88: 17C | M88: st | O88: 8000 | P88: Aarhus C | Q88: 507g | R88: 1401 | S88: 574155.95 | T88: 6223110.6 | U88: 56.147257 | V88: 10.193585 | W88: 1km_6223_574 | X88: Sankt Lukas | Y88: Aarhus Syd | Z88: Byzone | AA88: 11.2 | AB88: Lokalcenter Fr.Bjerg/Langenæs | AC88: 0 | AD88: 1 | AE88: Meget lav | AF88: 12 - 18 | AG88: Afstand: 1,27 km | AH88: Afstand: 11,00 km | AI88: ✓Asbest | AJ88: !PCB | AK88: !Tungmetaller | AL88: Bolig i etageejendom, flerfamiliehus eller to-familiehus | AM88: Egentlig beboelseslejlighed (boligenhed med eget køkken) | AN88: 1900 | AO88: 2016 | AP88: - | AQ88: Privatpersoner eller interessentskab | AR88: Eget køkken med afløb | AS88: 3 | AT88: 1 | AU88: 1 | AV88: 1 | AW88: Mursten | AX88: Tegl | AY88: Fjernvarme/blokvarme | AZ88: - | BA88: (UDFASES) Bygningen har ingen supplerende varme | BB88: 150 m2 | BC88: 1383.9888 | BD88: 766.40382 | BE88: 1333.6187 | BF88: 1233.994 | BG88: F | BH88: Frederiksbjerg
A89: Sønder Allé 21, st, 8000 Aarhus C | B89: 1980000 | C89: 44174 | D89: 2 | E89: 58 | F89: -1 | G89: 34137.931 | H89: https://www.dingeo.dk/adresse/8000-Aarhus-C/Sønder-Allé-21/st | I89: 87 | J89: 0a3f50c4-6761-32b8-e044-0003ba298018 | K89: Sønder Allé | L89: 21 | M89: st | O89: 8000 | P89: Aarhus C | Q89: 295c | R89: 481039 | S89: 574986.56 | T89: 6223750.5 | U89: 56.152875 | V89: 10.207131 | W89: 1km_6223_574 | X89: Aarhus Domsogn | Y89: Aarhus Øst | Z89: Byzone | AA89: 7.9 | AB89: DOKK1 | AC89: 1 | AD89: 2 | AE89: Meget lav | AF89: 12 - 18 | AG89: Afstand: 918 meter | AH89: Afstand: 12,00 km | AI89: !Asbest | AJ89: !PCB | AK89: !Tungmetaller | AL89: Bolig i etageejendom, flerfamiliehus eller to-familiehus | AM89: Egentlig beboelseslejlighed (boligenhed med eget køkken) | AN89: 1868 | AO89: 1981 | AP89: - | AQ89: Privatpersoner eller interessentskab | AR89: Eget køkken med afløb | AS89: 2 | AT89: 1 | AU89: 1 | AV89: 2 | AW89: Mursten | AX89: Tegl | AY89: Fjernvarme/blokvarme | AZ89: - | BA89: (UDFASES) Bygningen har ingen supplerende varme | BB89: 123 m2 | BC89: 373.88974 | BD89: 323.98478 | BE89: 438.67656 | BF89: 424.54278 | BG89: D | BH89: Indreby
A90: Guldsmedgade 25, 1. 4, 8000 Aarhus C | B90: 2250000 | C90: 44174 | D90: 1 | E90: 45 | F90: -2 | G90: 50000 | H90: https://www.dingeo.dk/adresse/8000-Aarhus-C/Guldsmedgade-25/1-4 | I90: 88 | J90: cdc75f8f-f6f5-4045-9986-ff8faafe7ddb | K90: Guldsmedgade | L90: 25 | M90: 1 | N90: 4 | O90: 8000 | P90: Aarhus C | Q90: 1086a | R90: 149778 | S90: 575003.56 | T90: 6224507 | U90: 56.159668 | V90: 10.207618 | W90: 1km_6224_575 | X90: Aarhus Domsogn | Y90: Aarhus Øst | Z90: Byzone | AA90: 3.4 | AB90: Rådhushallen | AC90: 1 | AD90: 1 | AE90: Meget lav | AF90: 12 - 18 | AG90: Afstand: 1,21 km | AH90: Afstand: 12,00 km | AI90: ✓Asbest | AJ90: !PCB | AK90: !Tungmetaller | AL90: Bolig i etageejendom, flerfamiliehus eller to-familiehus | AM90: Egentlig beboelseslejlighed (boligenhed med eget køkken) | AN90: 1894 | AO90: 2015 | AP90: - | AQ90: Privatpersoner eller interessentskab | AR90: Eget køkken med afløb | AS90: 3 | AT90: 1 | AU90: 1 | AV90: 1 | AW90: Mursten | AX90: Fibercement herunder asbest | AY90: Fjernvarme/blokvarme | AZ90: - | BA90: (UDFASES) Bygningen har ingen supplerende varme | BB90: 615 m2 | BC90: 789.50715 | BD90: 1057.7493 | BE90: 325.29386 | BF90: 417.59031 | BG90: A2010 | BH90: Latinerkvarteret
A91: Vesterbrogade 5, 5. tv, 8000 Aarhus C | B91: 2550000 | C91: 44173 | D91: 3 | E91: 50 | G91: 51000 | H91: https://www.dingeo.dk/adresse/8000-Aarhus-C/Vesterbrogade-5/5-tv | I91: 89 | J91: 370d7e16-8fee-4e33-a7a2-025b6e96752d | K91: Vesterbrogade | L91: 5 | M91: 5 | N91: tv | O91: 8000 | P91: Aarhus C | Q91: 1289q | R91: 527284 | S91: 574374.25 | T91: 6224305 | U91: 56.157952 | V91: 10.197431 | W91: 1km_6224_574 | X91: Vor Frue | Y91: Aarhus Øst | Z91: Byzone | AA91: 5.3 | AB91: Rådhushallen | AC91: 1 | AD91: 5 | AE91: Meget lav | AF91: 12 - 18 | AG91: Afstand: 1,71 km | AH91: Afstand: 12,00 km | AI91: !Asbest | AJ91: !PCB | AK91: !Tungmetaller | AL91: Bolig i etageejendom, flerfamiliehus eller to-familiehus | AM91: Egentlig beboelseslejlighed (boligenhed med eget køkken) | AN91: 1928 | AO91: 2016 | AP91: - | AQ91: Privatpersoner eller interessentskab | AR91: Eget køkken med afløb | AS91: 5 | AT91: 1 | AU91: 1 | AV91: 3 | AW91: Mursten | AX91: Tegl | AY91: Fjernvarme/blokvarme | AZ91: - | BA91: (UDFASES) Bygningen har ingen supplerende varme | BB91: 660 m2 | BC91: 1103.354 | BD91: 961.63986 | BE91: 581.33456 | BF91: 1010.6847 | BG91: D | BH91: Indreby
A92: Skt. Pauls Gade 47, 1. th, 8000 Aarhus C | B92: 2425000 | C92: 44173 | D92: 2 | E92: 53 | G92: 45754.717 | H92: https://www.dingeo.dk/adresse/8000-Aarhus-C/Skt.-Pauls-Gade-47/1-th | I92: 90 | J92: 0a3f50c4-395c-32b8-e044-0003ba298018 | K92: Skt. Pauls Gade | L92: 47 | M92: 1 | N92: th | O92: 8000 | P92: Aarhus C | Q92: 77n | R92: 440367 | S92: 574500.31 | T92: 6222983 | U92: 56.146057 | V92: 10.199091 | W92: 1km_6222_574 | X92: Sankt Pauls | Y92: Aarhus Syd | Z92: Byzone | AA92: 19.7 | AB92: Frederiksbjerg Hallerne | AC92: 0 | AD92: 1 | AE92: Meget lav | AF92: 12 - 18 | AG92: Afstand: 908 meter | AH92: Afstand: 11,00 km | AI92: ✓Asbest | AJ92: ✓PCB | AK92: !Tungmetaller | AL92: Bolig i etageejendom, flerfamiliehus eller to-familiehus | AM92: Egentlig beboelseslejlighed (boligenhed med eget køkken) | AN92: 1928 | AO92: - | AP92: - | AQ92: Privatpersoner eller interessentskab | AR92: Eget køkken med afløb | AS92: 4 | AT92: 1 | AU92: 1 | AV92: 2 | AW92: Mursten | AX92: Betontagsten | AY92: Fjernvarme/blokvarme | AZ92: - | BA92: (UDFASES) Bygningen har ingen supplerende varme | BB92: 424 m2 | BC92: 1183.9429 | BD92: 586.11137 | BE92: 1283.2715 | BF92: 880.49854 | BG92: C | BH92: Frederiksbjerg
A93: Langelinieparken 3B, st. 3, 8000 Aarhus C | B93: 4150000 | C93: 44173 | D93: 3 | E93: 99 | G93: 41919.192 | H93: https://www.dingeo.dk/adresse/8000-Aarhus-C/Langelinieparken-3B/st-3 | I93: 91 | J93: 0a3f50c3-7e60-32b8-e044-0003ba298018 | K93: Langelinieparken | L93: 3B | M93: st | N93: 3 | O93: 8000 | P93: Aarhus C | Q93: 1484d | R93: 937660 | S93: 575776.06 | T93: 6225445 | U93: 56.167972 | V93: 10.22032 | W93: 1km_6225_575 | X93: Sankt Johannes | Y93: Aarhus Øst | Z93: Byzone | AA93: 4.5 | AB93: DOKK1 | AC93: 0 | AD93: 1 | AE93: Meget lav | AF93: 12 - 18 | AG93: Afstand: 1,47 km | AH93: Afstand: 12,00 km | AI93: ✓Asbest | AJ93: !PCB | AK93: !Tungmetaller | AL93: Bolig i etageejendom, flerfamiliehus eller to-familiehus | AM93: Egentlig beboelseslejlighed (boligenhed med eget køkken) | AN93: 2005 | AO93: - | AP93: - | AQ93: Privatpersoner eller interessentskab | AR93: Eget køkken med afløb | AS93: 3 | AT93: 1 | AU93: 1 | AV93: 3 | AW93: Betonelementer | AX93: Tagpap med lille hældning | AY93: Fjernvarme/blokvarme | AZ93: - | BA93: (UDFASES) Bygningen har ingen supplerende varme | BB93: 6161 m2 | BC93: 1696.149 | BD93: 2192.6139 | BE93: 1506.9711 | BF93: 99.203891 | BG93: B | BH93: Trøjborg
A94: Ny Munkegade 68B, 2. tv, 8000 Aarhus C | B94: 1975000 | C94: 44172 | D94: 2 | E94: 45 | F94: -1 | G94: 43888.889 | H94: https://www.dingeo.dk/adresse/8000-Aarhus-C/Ny-Munkegade-68B/2-tv | I94: 92 | J94: 0a3f50c3-bfb9-32b8-e044-0003ba298018 | K94: Ny Munkegade | L94: 68B | M94: 2 | N94: tv | O94: 8000 | P94: Aarhus C | Q94: 1662 | R94: 339097 | S94: 574678.44 | T94: 6224924.5 | U94: 56.163469 | V94: 10.202501 | W94: 1km_6224_574 | X94: Aarhus Domsogn | Y94: Aarhus Øst | Z94: Byzone | AA94: 27.2 | AB94: Samsøgades Skole | AC94: 1 | AD94: 1 | AE94: Meget lav | AF94: 12 - 18 | AG94: Afstand: 1,73 km | AH94: Afstand: 12,00 km | AI94: ✓Asbest | AJ94: !PCB | AK94: !Tungmetaller | AL94: Bolig i etageejendom, flerfamiliehus eller to-familiehus | AM94: Egentlig beboelseslejlighed (boligenhed med eget køkken) | AN94: 1910 | AO94: - | AP94: - | AQ94: Privatpersoner eller interessentskab | AR94: Eget køkken med afløb | AS94: 3 | AT94: 1 | AU94: 1 | AV94: 2 | AW94: Mursten | AX94: Tegl | AY94: Fjernvarme/blokvarme | AZ94: - | BA94: (UDFASES) Bygningen har ingen supplerende varme | BB94: 306 m2 | BC94: 1312.1954 | BD94: 1471.012 | BE94: 783.85979 | BF94: 849.89309 | BG94: D | BH94: Øgadekvarteret
A95: Stadion Allé 33, 5. th, 8000 Aarhus C | B95: 3200000 | C95: 44171 | D95: 3 | E95: 93 | F95: -3 | G95: 34408.602 | H95: https://www.dingeo.dk/adresse/8000-Aarhus-C/Stadion-Allé-33/5-th | I95: 93 | J95: 0a3f50c4-5116-32b8-e044-0003ba298018 | K95: Stadion Allé | L95: 33 | M95: 5 | N95: th | O95: 8000 | P95: Aarhus C | Q95: 741dæ | R95: 455860 | S95: 574239.93 | T95: 6222470 | U95: 56.14149 | V95: 10.194758 | W95: 1km_6222_574 | X95: Sankt Lukas | Y95: Aarhus Syd | Z95: Byzone | AA95: 17.1 | AB95: Frederiksbjerg Hallerne | AC95: 1 | AD95: 1 | AE95: Meget lav | AF95: 12 - 18 | AG95: Afstand: 1,26 km | AH95: Afstand: 10,00 km | AI95: ✓Asbest | AJ95: ✓PCB | AK95: !Tungmetaller | AL95: Bolig i etageejendom, flerfamiliehus eller to-familiehus | AM95: Egentlig beboelseslejlighed (boligenhed med eget køkken) | AN95: 1929 | AO95: 2018 | AP95: - | AQ95: Privatpersoner eller interessentskab | AR95: Eget køkken med afløb | AS95: 5 | AT95: 1 | AU95: 1 | AV95: 3 | AW95: Mursten | AX95: Tegl | AY95: Fjernvarme/blokvarme | AZ95: - | BA95: (UDFASES) Bygningen har ingen supplerende varme | BB95: 1119 m2 | BC95: 1736.8747 | BD95: 1158.1877 | BE95: 1855.696 | BF95: 1087.618 | BG95: C | BH95: Frederiksbjerg
A96: Langelinieparken 3A, 2. 4, 8000 Aarhus C | B96: 4500000 | C96: 44171 | D96: 3 | E96: 99 | G96: 45454.545 | H96: https://www.dingeo.dk/adresse/8000-Aarhus-C/Langelinieparken-3A/2-4 | I96: 94 | J96: 0a3f50c3-7e5d-32b8-e044-0003ba298018 | K96: Langelinieparken | L96: 3A | M96: 2 | N96: 4 | O96: 8000 | P96: Aarhus C | Q96: 1484d | R96: 937660 | S96: 575767.69 | T96: 6225431 | U96: 56.167847 | V96: 10.220181 | W96: 1km_6225_575 | X96: Sankt Johannes | Y96: Aarhus Øst | Z96: Byzone | AA96: 4.5 | AB96: DOKK1 | AC96: 0 | AD96: 1 | AE96: Meget lav | AF96: 12 - 18 | AG96: Afstand: 1,46 km | AH96: Afstand: 12,00 km | AI96: ✓Asbest | AJ96: ✓PCB | AK96: !Tungmetaller | AL96: Bolig i etageejendom, flerfamiliehus eller to-familiehus | AM96: Egentlig beboelseslejlighed (boligenhed med eget køkken) | AN96: 2005 | AO96: - | AP96: - | AQ96: Aktie-, anpart- eller andet selskab (undtagen interessent­skab) | AR96: Eget køkken med afløb | AS96: 3 | AT96: 1 | AU96: 1 | AV96: 3 | AW96: Betonelementer | AX96: Tagpap med lille hældning | AY96: Fjernvarme/blokvarme | AZ96: - | BA96: (UDFASES) Bygningen har ingen supplerende varme | BB96: 6161 m2 | BC96: 1680.5291 | BD96: 2176.3875 | BE96: 1490.6844 | BF96: 98.359701 | BG96: B | BH96: Trøjborg
A97: Helga Pedersens Gade 1, st. 2, 8000 Aarhus C | B97: 3350000 | C97: 44171 | D97: 3 | E97: 105 | F97: -1 | G97: 31904.762 | H97: https://www.dingeo.dk/adresse/8000-Aarhus-C/Helga-Pedersens-Gade-1/st-2 | I97: 95 | J97: 1261bb16-1e89-439f-abd9-e256888a9f0f | K97: Helga Pedersens Gade | L97: 1 | M97: st | N97: 2 | O97: 8000 | P97: Aarhus C | Q97: 2148dt | R97: 985411 | S97: 576342.09 | T97: 6225289 | U97: 56.16648 | V97: 10.229388 | W97: 1km_6225_576 | X97: Aarhus Domsogn | Y97: Aarhus Øst | Z97: Byzone | AA97: 2.8 | AB97: DOKK1 | AC97: 1 | AD97: 1 | AE97: Meget lav | AF97: 12 - 18 | AG97: Afstand: 1,27 km | AH97: Afstand: 12,00 km | AI97: ✓Asbest | AJ97: ✓PCB | AK97: !Tungmetaller | AL97: Bolig i etageejendom, flerfamiliehus eller to-familiehus | AM97: Egentlig beboelseslejlighed (boligenhed med eget køkken) | AN97: 2014 | AO97: - | AP97: - | AQ97: Privatpersoner eller interessentskab | AR97: Eget køkken med afløb | AS97: 10 | AT97: 1 | AU97: 1 | AV97: 3 | AW97: Betonelementer | AX97: Tagpap med lille hældning | AY97: Fjernvarme/blokvarme | AZ97: - | BA97: - | BB97: 13434 m2 | BC97: 1782.9715 | BD97: 2364.2403 | BE97: 1777.4499 | BF97: 417.89803 | BG97: B | BH97: Århus Ø
A98: Bernhardt Jensens Boulevard 111, 2. 1, 8000 Aarhus C | B98: 3240000 | C98: 44170 | D98: 3 | E98: 91 | F98: -3 | G98: 35604.396 | H98: https://www.dingeo.dk/adresse/8000-Aarhus-C/Bernhardt-Jensens-Boulevard-111/2-1 | I98: 96 | J98: 338e7e11-c1e7-4c5b-9fa7-1c84fe3e9df1 | K98: Bernhardt Jensens Boulevard | L98: 111 | M98: 2 | N98: 1 | O98: 8000 | P98: Aarhus C | Q98: 2148em | R98: 989931 | S98: 576178.62 | T98: 6225320.6 | U98: 56.16679 | V98: 10.226765 | W98: 1km_6225_576 | X98: Aarhus Domsogn | Y98: Aarhus Øst | Z98: Byzone | AA98: -4 | AB98: DOKK1 | AC98: 1 | AD98: 1 | AE98: Meget lav | AF98: 12 - 18 | AG98: Afstand: 1,29 km | AH98: Afstand: 12,00 km | AI98: ✓Asbest | AJ98: ✓PCB | AK98: !Tungmetaller | AL98: Bolig i etageejendom, flerfamiliehus eller to-familiehus | AM98: Egentlig beboelseslejlighed (boligenhed med eget køkken) | AN98: 2017 | AO98: - | AP98: - | AQ98: 0 | AR98: Eget køkken med afløb | AS98: 10 | AT98: 1 | AU98: 1 | AV98: 3 | AW98: Betonelementer | AX98: Tagpap med lille hældning | AY98: Fjernvarme/blokvarme | AZ98: - | BA98: (UDFASES) Bygningen har ingen supplerende varme | BB98: 9636 m2 | BC98: 1726.2671 | BD98: 2289.7314 | BE98: 1673.7504 | BF98: 251.94596 | BG98: NA | BH98: Århus Ø
A99: Bernhardt Jensens Boulevard 117, 5. 1, 8000 Aarhus C | B99: 3873000 | C99: 44170 | D99: 3 | E99: 101 | F99: -1 | G99: 38346.535 | H99: https://www.dingeo.dk/adresse/8000-Aarhus-C/Bernhardt-Jensens-Boulevard-117/5-1 | I99: 97 | J99: 14a8f42f-efc4-4951-83bd-87f1ad757da0 | K99: Bernhardt Jensens Boulevard | L99: 117 | M99: 5 | N99: 1 | O99: 8000 | P99: Aarhus C | Q99: 2148em | R99: 989931 | S99: 576196.26 | T99: 6225320.3 | U99: 56.166784 | V99: 10.227049 | W99: 1km_6225_576 | X99: Aarhus Domsogn | Y99: Aarhus Øst | Z99: Byzone | AA99: -4 | AB99: DOKK1 | AC99: 1 | AD99: 1 | AE99: Meget lav | AF99: 12 - 18 | AG99: Afstand: 1,29 km | AH99: Afstand: 12,00 km | AI99: !Asbest | AJ99: !PCB | AK99: !Tungmetaller | AL99: Bolig i etageejendom, flerfamiliehus eller to-familiehus | AM99: Egentlig beboelseslejlighed (boligenhed med eget køkken) | AN99: 2017 | AO99: - | AP99: - | AQ99: 0 | AR99: Eget køkken med afløb | AS99: 10 | AT99: 1 | AU99: 1 | AV99: 3 | AW99: Betonelementer | AX99: Tagpap med lille hældning | AY99: Fjernvarme/blokvarme | AZ99: - | BA99: (UDFASES) Bygningen har ingen supplerende varme | BB99: 9636 m2 | BC99: 1734.4423 | BD99: 2299.8305 | BE99: 1686.5531 | BF99: 269.46416 | BG99: NA | BH99: Århus Ø
A100: Langelandsgade 33B, 3, 8000 Aarhus C | B100: 2595000 | C100: 44170 | D100: 2 | E100: 47 | G100: 55212.766 | H100: https://www.dingeo.dk/adresse/8000-Aarhus-C/Langelandsgade-33B/3 | I100: 98 | J100: 0a3f50c3-7c48-32b8-e044-0003ba298018 | K100: Langelandsgade | L100: 33B | M100: 3 | O100: 8000 | P100: Aarhus C | Q100: 1947 | R100: 270119 | S100: 574384.94 | T100: 6224476 | U100: 56.159486 | V100: 10.197651 | W100: 1km_6224_574 | X100: Sankt Markus | Y100: Aarhus Øst | Z100: Byzone | AA100: 15.9 | AB100: Rådhushallen | AC100: 0 | AD100: 4 | AE100: Meget lav | AF100: 12 - 18 | AG100: Afstand: 1,76 km | AH100: Afstand: 12,00 km | AI100: ✓Asbest | AJ100: !PCB | AK100: !Tungmetaller | AL100: Bolig i etageejendom, flerfamiliehus eller to-familiehus | AM100: Egentlig beboelseslejlighed (boligenhed med eget køkken) | AN100: 1901 | AO100: - | AP100: - | AQ100: Privatpersoner eller interessentskab | AR100: Eget køkken med afløb | AS100: 3 | AT100: 1 | AU100: 1 | AV100: 2 | AW100: Mursten | AX100: Fibercement herunder asbest | AY100: Fjernvarme/blokvarme | AZ100: - | BA100: (UDFASES) Bygningen har ingen supplerende varme | BB100: 189 m2 | BC100: 1182.4442 | BD100: 1110.1783 | BE100: 628.88686 | BF100: 1015.8895 | BG100: D | BH100: Øgadekvarteret
...

Sheet Sheet1 (2)
A1: Address | B1: SalesPrice | C1: SalesDate | D1: SqM | E1: PriceSqM | F1: Story | G1: Parish | H1: Height1 | I1: PollingArea | J1: FibreInternet | K1: Noise | L1: Radon | M1: Asbest | N1: PCB | O1: HeavyMetals | P1: ConsAge | Q1: Recon | R1: No.Stories | S1: No.Toilets | T1: No.Bathrooms | U1: No.Rooms | V1: ExteriorWallMaterial | W1: RoofMaterial | X1: HeatingType | Y1: BuildingArea | Z1: DistCitizenService | AA1: DistMainStation | AB1: DistCentrum | AC1: DistCoastline | AD1: EnergyLabel | AE1: Area | AF1: Height2 | AG1: wgs84koordinat_bredde | AH1: wgs84koordinat_længde
A2: Ceresbyen 66, 3. 2, 8000 Aarhus C | B2: 4075149 | C2: 44242 | D2: 96 | E2: 41145.833 | F2: 3 | G2: 7 | H2: 4.5 | I2: 8 | J2: 1 | K2: 3 | L2: 1 | M2: 0 | N2: 0 | O2: 1 | P2: 4 | Q2: 0 | R2: 9 | S2: 1 | T2: 1 | U2: 3 | V2: 2 | W2: 5 | X2: 3 | Y2: 5335 | Z2: 1221.5548 | AA2: 953.59872 | AB2: 755.46827 | AC2: 1183.6876 | AD2: 9 | AE2: 1 | AF2: 7.5 | AG2: =_xlfn.XLOOKUP(A2,Sheet1!A:A,Sheet1!U:U,) -> 56.156688 | AH2: =_xlfn.XLOOKUP(A2,Sheet1!A:A,Sheet1!V:V,) -> 10.194395
A3: Tage-Hansens Gade 7, 5. tv, 8000 Aarhus C | B3: 2176851 | C3: 44237 | D3: 69 | E3: 30579.71 | F3: 5 | G3: 2 | H3: 19.5 | I3: 8 | J3: 0 | K3: 1 | L3: 1 | M3: 1 | N3: 1 | O3: 1 | P3: 76 | Q3: 0 | R3: 6 | S3: 1 | T3: 1 | U3: 2 | V3: 6 | W3: 3 | X3: 3 | Y3: 1203 | Z3: 1857.3143 | AA3: 1506.5493 | AB3: 1391.153 | AC3: 1823.2921 | AD3: 5 | AE3: 8 | AF3: 12.5 | AG3: =_xlfn.XLOOKUP(A3,Sheet1!A:A,Sheet1!U:U,) -> 56.157595 | AH3: =_xlfn.XLOOKUP(A3,Sheet1!A:A,Sheet1!V:V,) -> 10.184184
A4: Ceres Allé 7, 12. 6, 8000 Aarhus C | B4: 2019520 | C4: 44227 | D4: 97 | E4: 20180.412 | F4: 12 | G4: 7 | H4: 4.2 | I4: 8 | J4: 1 | K4: 1 | L4: 1 | M4: 0 | N4: 0 | O4: 1 | P4: 5 | Q4: 0 | R4: 19 | S4: 1 | T4: 1 | U4: 3 | V4: 2 | W4: 5 | X4: 3 | Y4: 17885 | Z4: 1365.8123 | AA4: 960.27174 | AB4: 983.69389 | AC4: 1379.1071 | AD4: 8 | AE4: 1 | AF4: 30 | AG4: =_xlfn.XLOOKUP(A4,Sheet1!A:A,Sheet1!U:U,) -> 56.154591 | AH4: =_xlfn.XLOOKUP(A4,Sheet1!A:A,Sheet1!V:V,) -> 10.191218
A5: Schleppegrellsgade 28, 1. th, 8000 Aarhus C | B5: 1877663 | C5: 44227 | D5: 44 | E5: 41363.636 | F5: 1 | G5: 4 | H5: 11.4 | I5: 3 | J5: 1 | K5: 2 | L5: 1 | M5: 0 | N5: 1 | O5: 1 | P5: 121 | Q5: 0 | R5: 5 | S5: 1 | T5: 0 | U5: 2 | V5: 6 | W5: 3 | X5: 3 | Y5: 546 | Z5: 1431.364 | AA5: 821.59269 | AB5: 1333.9141 | AC5: 1336.0196 | AD5: 3 | AE5: 2 | AF5: 2.5 | AG5: =_xlfn.XLOOKUP(A5,Sheet1!A:A,Sheet1!U:U,) -> 56.147931 | AH5: =_xlfn.XLOOKUP(A5,Sheet1!A:A,Sheet1!V:V,) -> 10.192121
A6: Skovvejen 75, st, 8000 Aarhus C | B6: 2321287 | C6: 44222 | D6: 47 | E6: 47872.34 | F6: 0 | G6: 3 | H6: 10.4 | I6: 1 | J6: 0 | K6: 5 | L6: 1 | M6: 1 | N6: 0 | O6: 1 | P6: 121 | Q6: 1 | R6: 3 | S6: 1 | T6: 1 | U6: 2 | V6: 6 | W6: 4 | X6: 3 | Y6: 162 | Z6: 1511.0946 | AA6: 1989.6368 | AB6: 1296.7259 | AC6: 151.60514 | AD6: 5 | AE6: 7 | AF6: 0 | AG6: =_xlfn.XLOOKUP(A6,Sheet1!A:A,Sheet1!U:U,) -> 56.166575 | AH6: =_xlfn.XLOOKUP(A6,Sheet1!A:A,Sheet1!V:V,) -> 10.217967
A7: Studsgade 28, 1. th, 8000 Aarhus C | B7: 2940297 | C7: 44221 | D7: 77 | E7: 37012.987 | F7: 1 | G7: 8 | H7: 3.7 | I7: 1 | J7: 0 | K7: 3 | L7: 1 | M7: 0 | N7: 1 | O7: 1 | P7: 127 | Q7: 1 | R7: 2 | S7: 1 | T7: 1 | U7: 3 | V7: 6 | W7: 3 | X7: 3 | Y7: 271 | Z7: 746.88283 | AA7: 1139.4011 | AB7: 444.70645 | AC7: 216.57691 | AD7: 4 | AE7: 5 | AF7: 2.5 | AG7: =_xlfn.XLOOKUP(A7,Sheet1!A:A,Sheet1!U:U,) -> 56.15989 | AH7: =_xlfn.XLOOKUP(A7,Sheet1!A:A,Sheet1!V:V,) -> 10.211135
A8: Regenburgsgade 6, 3. tv, 8000 Aarhus C | B8: 2050470 | C8: 44221 | D8: 66 | E8: 30113.636 | F8: 3 | G8: 2 | H8: 17.6 | I8: 8 | J8: 0 | K8: 1 | L8: 1 | M8: 1 | N8: 1 | O8: 1 | P8: 76 | Q8: 0 | R8: 6 | S8: 1 | T8: 1 | U8: 2 | V8: 6 | W8: 3 | X8: 3 | Y8: 716 | Z8: 1862.047 | AA8: 1497.3617 | AB8: 1404.9896 | AC8: 1836.1869 | AD8: 5 | AE8: 8 | AF8: 7.5 | AG8: =_xlfn.XLOOKUP(A8,Sheet1!A:A,Sheet1!U:U,) -> 56.157206 | AH8: =_xlfn.XLOOKUP(A8,Sheet1!A:A,Sheet1!V:V,) -> 10.183928
A9: Sjællandsgade 5, 1, 8000 Aarhus C | B9: 2991881 | C9: 44220 | D9: 87 | E9: 33333.333 | F9: 1 | G9: 8 | H9: 5.7 | I9: 6 | J9: 1 | K9: 1 | L9: 1 | M9: 0 | N9: 1 | O9: 1 | P9: 144 | Q9: 1 | R9: 2 | S9: 1 | T9: 1 | U9: 4 | V9: 6 | W9: 3 | X9: 3 | Y9: 304 | Z9: 911.44945 | AA9: 1242.818 | AB9: 514.4751 | AC9: 369.0851 | AD9: 4 | AE9: 9 | AF9: 2.5 | AG9: =_xlfn.XLOOKUP(A9,Sheet1!A:A,Sheet1!U:U,) -> 56.161175 | AH9: =_xlfn.XLOOKUP(A9,Sheet1!A:A,Sheet1!V:V,) -> 10.209275
A10: Sønderborggade 13, 2. mf, 8000 Aarhus C | B10: 1083267 | C10: 44217 | D10: 35 | E10: 30000 | F10: 2 | G10: 1 | H10: 16.4 | I10: 3 | J10: 0 | K10: 1 | L10: 1 | M10: 0 | N10: 1 | O10: 1 | P10: 61 | Q10: 0 | R10: 3 | S10: 1 | T10: 1 | U10: 1 | V10: 6 | W10: 3 | X10: 3 | Y10: 2391 | Z10: 2398.5943 | AA10: 1779.9382 | AB10: 2353.5519 | AC10: 1843.4031 | AD10: 4 | AE10: 4 | AF10: 5 | AG10: =_xlfn.XLOOKUP(A10,Sheet1!A:A,Sheet1!U:U,) -> 56.141053 | AH10: =_xlfn.XLOOKUP(A10,Sheet1!A:A,Sheet1!V:V,) -> 10.18126
A11: Paradisgade 5, st. th, 8000 Aarhus C | B11: 1434040 | C11: 44217 | D11: 44 | E11: 31590.909 | F11: 0 | G11: 8 | H11: 3.3 | I11: 1 | J11: 0 | K11: 4 | L11: 1 | M11: 0 | N11: 1 | O11: 0 | P11: 155 | Q11: 1 | R11: 3 | S11: 1 | T11: 1 | U11: 2 | V11: 6 | W11: 6 | X11: 3 | Y11: 528 | Z11: 782.31999 | AA11: 1127.2761 | AB11: 409.06058 | AC11: 305.7877 | AD11: 3 | AE11: 5 | AF11: 0 | AG11: =_xlfn.XLOOKUP(A11,Sheet1!A:A,Sheet1!U:U,) -> 56.160038 | AH11: =_xlfn.XLOOKUP(A11,Sheet1!A:A,Sheet1!V:V,) -> 10.20971
A12: Klostergade 10, 2. th, 8000 Aarhus C | B12: 5772267 | C12: 44216 | D12: 161 | E12: 34751.553 | F12: 2 | G12: 8 | H12: 3.6 | I12: 1 | J12: 0 | K12: 4 | L12: 1 | M12: 0 | N12: 1 | O12: 1 | P12: 123 | Q12: 0 | R12: 4 | S12: 2 | T12: 1 | U12: 7 | V12: 6 | W12: 6 | X12: 3 | Y12: 1063 | Z12: 691.71437 | AA12: 1006.1633 | AB12: 287.49895 | AC12: 320.00816 | AD12: 2 | AE12: 5 | AF12: 5 | AG12: =_xlfn.XLOOKUP(A12,Sheet1!A:A,Sheet1!U:U,) -> 56.159031 | AH12: =_xlfn.XLOOKUP(A12,Sheet1!A:A,Sheet1!V:V,) -> 10.208928
A13: Vestergade 15C, 1. tv, 8000 Aarhus C | B13: 3352970 | C13: 44216 | D13: 71 | E13: 45774.648 | F13: 1 | G13: 7 | H13: 3.4 | I13: 5 | J13: 0 | K13: 1 | L13: 1 | M13: 0 | N13: 0 | O13: 1 | P13: 3 | Q13: 0 | R13: 4 | S13: 1 | T13: 1 | U13: 2 | V13: 2 | W13: 5 | X13: 3 | Y13: 749 | Z13: 683.23595 | AA13: 776.78071 | AB13: 123.57538 | AC13: 547.8823 | AD13: 7 | AE13: 3 | AF13: 2.5 | AG13: =_xlfn.XLOOKUP(A13,Sheet1!A:A,Sheet1!U:U,) -> 56.157288 | AH13: =_xlfn.XLOOKUP(A13,Sheet1!A:A,Sheet1!V:V,) -> 10.204785
... A109: Mejlgade 97, st, 8000 Aarhus C | B109: 4549723 | C109: 44164 | D109: 111 | E109: 39729.73 | F109: 0 | G109: 8 | H109: 3.8 | I109: 1 | J109: 0 | K109: 4 | L109: 1 | M109: 0 | N109: 0 | O109: 1 | P109: 125 | Q109: 1 | R109: 5 | S109: 1 | T109: 1 | U109: 4 | V109: 6 | W109: 6 | X109: 3 | Y109: 823 | Z109: 1046.636 | AA109: 1517.3026 | AB109: 839.68124 | AC109: 74.456904 | AD109: 4 | AE109: 7 | AF109: 0 | AG109: =_xlfn.XLOOKUP(A109,Sheet1!A:A,Sheet1!U:U,) -> 56.162599 | AH109: =_xlfn.XLOOKUP(A109,Sheet1!A:A,Sheet1!V:V,) -> 10.21525
A110: Telefontorvet 8, 3. 2, 8000 Aarhus C | B110: 3507723 | C110: 44164 | D110: 96 | E110: 35416.667 | F110: 3 | G110: 7 | H110: 6.2 | I110: 5 | J110: 0 | K110: 1 | L110: 3 | P110: 16 | Q110: 1 | R110: 5 | S110: 1 | T110: 1 | U110: 3 | V110: 2 | W110: 5 | X110: 3 | Y110: 7511 | Z110: 488.14817 | AA110: 626.31205 | AB110: 109.90009 | AC110: 420.23692 | AD110: 5 | AE110: 3 | AF110: 7.5 | AG110: =_xlfn.XLOOKUP(A110,Sheet1!A:A,Sheet1!U:U,) -> 56.155819 | AH110: =_xlfn.XLOOKUP(A110,Sheet1!A:A,Sheet1!V:V,) -> 10.20671
A111: Vestre Ringgade 156, 2. th, 8000 Aarhus C | B111: 2759752 | C111: 44161 | D111: 72 | E111: 37152.778 | F111: 2 | G111: 5 | H111: 46.7 | I111: 4 | J111: 1 | K111: 5 | L111: 1 | M111: 0 | N111: 1 | O111: 1 | P111: 73 | Q111: 0 | R111: 3 | S111: 1 | T111: 1 | U111: 3 | V111: 6 | W111: 3 | X111: 3 | Y111: 462 | Z111: 2067.2318 | AA111: 2018.4611 | AB111: 1502.468 | AC111: 1721.7704 | AD111: 4 | AE111: 8 | AF111: 5 | AG111: =_xlfn.XLOOKUP(A111,Sheet1!A:A,Sheet1!U:U,) -> 56.166328 | AH111: =_xlfn.XLOOKUP(A111,Sheet1!A:A,Sheet1!V:V,) -> 10.189404
A112: Klostergade 72, 1, 8000 Aarhus C | B112: 2218119 | C112: 44161 | D112: 61 | E112: 35245.902 | F112: 1 | G112: 7 | H112: 3.6 | I112: 5 | J112: 0 | K112: 4 | L112: 1 | M112: 1 | N112: 1 | O112: 1 | P112: 119 | Q112: 0 | R112: 2 | S112: 1 | T112: 1 | U112: 2 | V112: 6 | W112: 3 | X112: 3 | Y112: 124 | Z112: 856.23319 | AA112: 938.39202 | AB112: 291.61543 | AC112: 653.34766 | AD112: 5 | AE112: 3 | AF112: 2.5 | AG112: =_xlfn.XLOOKUP(A112,Sheet1!A:A,Sheet1!U:U,) -> 56.158708 | AH112: =_xlfn.XLOOKUP(A112,Sheet1!A:A,Sheet1!V:V,) -> 10.203348
A113: Silkeborgvej 138, 3. th, 8000 Aarhus C | B113: 1779653 | C113: 44160 | D113: 55 | E113: 31363.636 | F113: 3 | G113: 2 | H113: 14.1 | I113: 8 | J113: 0 | K113: 3 | L113: 1 | M113: 0 | N113: 1 | O113: 1 | P113: 82 | Q113: 0 | R113: 4 | S113: 1 | T113: 1 | U113: 2 | V113: 6 | W113: 3 | X113: 3 | Y113: 476 | Z113: 2134.4357 | AA113: 1727.6792 | AB113: 1695.5104 | AC113: 2125.425 | AD113: 4 | AE113: 8 | AF113: 7.5 | AG113: =_xlfn.XLOOKUP(A113,Sheet1!A:A,Sheet1!U:U,) -> 56.156653 | AH113: =_xlfn.XLOOKUP(A113,Sheet1!A:A,Sheet1!V:V,) -> 10.179232
A114: Grønnegade 77, 2. tv, 8000 Aarhus C | B114: 2971248 | C114: 44160 | D114: 60 | E114: 48000 | F114: 2 | G114: 7 | H114: 6.5 | I114: 5 | J114: 1 | K114: 1 | L114: 1 | M114: 0 | N114: 1 | O114: 1 | P114: 104 | Q114: 1 | R114: 5 | S114: 1 | T114: 1 | U114: 2 | V114: 6 | W114: 3 | X114: 3 | Y114: 655 | Z114: 1020.6537 | AA114: 1052.6894 | AB114: 455.97972 | AC114: 804.34095 | AD114: 4 | AE114: 9 | AF114: 5 | AG114: =_xlfn.XLOOKUP(A114,Sheet1!A:A,Sheet1!U:U,) -> 56.15956 | AH114: =_xlfn.XLOOKUP(A114,Sheet1!A:A,Sheet1!V:V,) -> 10.201138
A115: Ny Munkegade 32, 4. tv, 8000 Aarhus C | B115: 3022832 | C115: 44160 | D115: 67 | E115: 43731.343 | F115: 4 | G115: 8 | H115: 19.4 | I115: 6 | J115: 0 | K115: 1 | L115: 1 | M115: 0 | N115: 1 | O115: 1 | P115: 124 | Q115: 0 | R115: 4 | S115: 1 | T115: 1 | U115: 2 | V115: 6 | W115: 3 | X115: 3 | Y115: 842 | Z115: 1126.4247 | AA115: 1283.7755 | AB115: 592.26308 | AC115: 738.50617 | AD115: 3 | AE115: 9 | AF115: 10 | AG115: =_xlfn.XLOOKUP(A115,Sheet1!A:A,Sheet1!U:U,) -> 56.161821 | AH115: =_xlfn.XLOOKUP(A115,Sheet1!A:A,Sheet1!V:V,) -> 10.203398
A116: Rudolph Wulffs Gade 17, 3. tv, 8000 Aarhus C | B116: 2733960 | C116: 44160 | D116: 91 | E116: 29120.879 | F116: 3 | G116: 1 | H116: 14.9 | I116: 2 | J116: 0 | K116: 3 | L116: 1 | M116: 0 | N116: 1 | O116: 1 | P116: 68 | Q116: 1 | R116: 4 | S116: 1 | T116: 1 | U116: 3 | V116: 6 | W116: 3 | X116: 3 | Y116: 1448 | Z116: 2340.5133 | AA116: 1728.8989 | AB116: 2350.3185 | AC116: 1631.6332 | AD116: 3 | AE116: 6 | AF116: 7.5 | AG116: =_xlfn.XLOOKUP(A116,Sheet1!A:A,Sheet1!U:U,) -> 56.139767 | AH116: =_xlfn.XLOOKUP(A116,Sheet1!A:A,Sheet1!V:V,) -> 10.184192
A117: Klostergade 72, st, 8000 Aarhus C | B117: 2063366 | C117: 44159 | D117: 62 | E117: 32258.065 | F117: 0 | G117: 7 | H117: 3.6 | I117: 5 | J117: 0 | K117: 4 | L117: 1 | M117: 0 | N117: 1 | O117: 1 | P117: 119 | Q117: 0 | R117: 2 | S117: 1 | T117: 1 | U117: 2 | V117: 6 | W117: 3 | X117: 3 | Y117: 124 | Z117: 856.23319 | AA117: 938.39202 | AB117: 291.61543 | AC117: 653.34766 | AD117: 5 | AE117: 3 | AF117: 0 | AG117: =_xlfn.XLOOKUP(A117,Sheet1!A:A,Sheet1!U:U,) -> 56.158708 | AH117: =_xlfn.XLOOKUP(A117,Sheet1!A:A,Sheet1!V:V,) -> 10.203348
A118: Søndre Ringgade 13, st. th, 8000 Aarhus C | B118: 2476040 | C118: 44159 | D118: 64 | E118: 37500 | F118: 0 | G118: 4 | H118: 17.8 | I118: 2 | J118: 0 | K118: 4 | L118: 1 | M118: 0 | N118: 1 | O118: 1 | P118: 88 | Q118: 0 | R118: 5 | S118: 1 | T118: 1 | U118: 2 | V118: 6 | W118: 3 | X118: 3 | Y118: 726 | Z118: 1818.1231 | AA118: 1224.65 | AB118: 1902.3271 | AC118: 1207.9803 | AD118: 5 | AE118: 4 | AF118: 0 | AG118: =_xlfn.XLOOKUP(A118,Sheet1!A:A,Sheet1!U:U,) -> 56.141577 | AH118: =_xlfn.XLOOKUP(A118,Sheet1!A:A,Sheet1!V:V,) -> 10.192652
A119: St.St. Blichers Gade 23, st, 8000 Aarhus C | B119: 2579208 | C119: 44158 | D119: 51 | E119: 49019.608 | F119: 0 | G119: 6 | H119: 14.1 | I119: 5 | J119: 0 | K119: 3 | L119: 1 | M119: 1 | N119: 1 | O119: 1 | P119: 128 | Q119: 0 | R119: 3 | S119: 1 | T119: 1 | U119: 3 | V119: 6 | W119: 3 | X119: 3 | Y119: 165 | Z119: 741.61016 | AA119: 312.62991 | AB119: 1012.8566 | AC119: 463.06254 | AD119: 4 | AE119: 2 | AF119: 0 | AG119: =_xlfn.XLOOKUP(A119,Sheet1!A:A,Sheet1!U:U,) -> 56.147705 | AH119: =_xlfn.XLOOKUP(A119,Sheet1!A:A,Sheet1!V:V,) -> 10.206548
A120: Silkeborgvej 26A, 2. th, 8000 Aarhus C | B120: 2991881 | C120: 44158 | D120: 101 | E120: 28712.871 | F120: 2 | G120: 5 | H120: 11.1 | I120: 8 | J120: 0 | K120: 5 | L120: 1 | M120: 0 | N120: 1 | O120: 1 | P120: 83 | Q120: 0 | R120: 4 | S120: 1 | T120: 1 | U120: 3 | V120: 6 | W120: 6 | X120: 3 | Y120: 688 | Z120: 1529.2328 | AA120: 1198.9957 | AB120: 1070.7065 | AC120: 1500.2733 | AD120: 4 | AE120: 1 | AF120: 5 | AG120: =_xlfn.XLOOKUP(A120,Sheet1!A:A,Sheet1!U:U,) -> 56.156858 | AH120: =_xlfn.XLOOKUP(A120,Sheet1!A:A,Sheet1!V:V,) -> 10.189309
A121: Ny Banegårdsgade 53, 2. tv, 8000 Aarhus C | B121: 3131158 | C121: 44158 | D121: 89 | E121: 34101.124 | F121: 2 | G121: 8 | H121: 6.9 | I121: 5 | J121: 1 | K121: 1 | L121: 1 | M121: 1 | N121: 0 | O121: 1 | P121: 85 | Q121: 1 | R121: 6 | S121: 1 | T121: 1 | U121: 3 | V121: 6 | W121: 3 | X121: 3 | Y121: 948 | Z121: 443.6935 | AA121: 175.70168 | AB121: 627.94136 | AC121: 460.77513 | AD121: 5 | AE121: 3 | AF121: 5 | AG121: =_xlfn.XLOOKUP(A121,Sheet1!A:A,Sheet1!U:U,) -> 56.151169 | AH121: =_xlfn.XLOOKUP(A121,Sheet1!A:A,Sheet1!V:V,) -> 10.20704
A122: Knudrisgade 32, 2. th, 8000 Aarhus C | B122: 2783481 | C122: 44158 | D122: 75 | E122: 35973.333 | F122: 2 | G122: 8 | H122: 5.3 | I122: 1 | J122: 0 | K122: 5 | L122: 1 | M122: 0 | N122: 0 | O122: 0 | P122: 125 | Q122: 1 | R122: 4 | S122: 1 | T122: 1 | U122: 3 | V122: 6 | W122: 4 | X122: 3 | Y122: 592 | Z122: 1065.4466 | AA122: 1498.5012 | AB122: 797.0704 | AC122: 186.32154 | AD122: 4 | AE122: 7 | AF122: 5 | AG122: =_xlfn.XLOOKUP(A122,Sheet1!A:A,Sheet1!U:U,) -> 56.162841 | AH122: =_xlfn.XLOOKUP(A122,Sheet1!A:A,Sheet1!V:V,) -> 10.213493
... A1004: Vester Allé 24A, 1. tv, 8000 Aarhus C | B1004: 2731897 | C1004: 43902 | D1004: 61 | E1004: 43409.836 | F1004: 1 | G1004: 7 | H1004: 3.1 | I1004: 5 | J1004: 0 | K1004: 1 | L1004: 1 | M1004: 1 | N1004: 1 | O1004: 1 | P1004: 122 | Q1004: 1 | R1004: 4 | S1004: 1 | T1004: 1 | U1004: 3 | V1004: 6 | W1004: 4 | X1004: 3 | Y1004: 673 | Z1004: 1001.4606 | AA1004: 875.37899 | AB1004: 485.83769 | AC1004: 916.29782 | AD1004: 6 | AE1004: 3 | AF1004: 2.5 | AG1004: =_xlfn.XLOOKUP(A1004,Sheet1!A:A,Sheet1!U:U,) -> 56.157472 | AH1004: =_xlfn.XLOOKUP(A1004,Sheet1!A:A,Sheet1!V:V,) -> 10.198835
A1005: Nordborggade 4, 4. th, 8000 Aarhus C | B1005: 2243911 | C1005: 43901 | D1005: 65 | E1005: 33461.538 | F1005: 4 | G1005: 1 | H1005: 20.7 | I1005: 3 | J1005: 1 | K1005: 1 | L1005: 1 | P1005: 77 | Q1005: 0 | R1005: 5 | S1005: 1 | T1005: 1 | U1005: 2 | V1005: 6 | W1005: 3 | X1005: 3 | Y1005: 745 | Z1005: 1900.8314 | AA1005: 1281.4663 | AB1005: 1848.0987 | AC1005: 1632.3878 | AD1005: 4 | AE1005: 4 | AF1005: 10 | AG1005: =_xlfn.XLOOKUP(A1005,Sheet1!A:A,Sheet1!U:U,) -> 56.144232 | AH1005: =_xlfn.XLOOKUP(A1005,Sheet1!A:A,Sheet1!V:V,) -> 10.187113
A1006: Hans Broges Gade 3, 4. tv, 8000 Aarhus C | B1006: 2656584 | C1006: 43901 | D1006: 71 | E1006: 36267.606 | F1006: 4 | G1006: 6 | H1006: 18.6 | I1006: 2 | J1006: 1 | K1006: 3 | L1006: 1 | M1006: 0 | N1006: 0 | O1006: 1 | P1006: 120 | Q1006: 0 | R1006: 5 | S1006: 1 | T1006: 1 | U1006: 3 | V1006: 6 | W1006: 4 | X1006: 3 | Y1006: 742 | Z1006: 1054.006 | AA1006: 581.40391 | AB1006: 1310.203 | AC1006: 543.20449 | AD1006: 4 | AE1006: 2 | AF1006: 10 | AG1006: =_xlfn.XLOOKUP(A1006,Sheet1!A:A,Sheet1!U:U,) -> 56.145087 | AH1006: =_xlfn.XLOOKUP(A1006,Sheet1!A:A,Sheet1!V:V,) -> 10.204573
A1007: Vestre Ringgade 66, 2. tv, 8000 Aarhus C | B1007: 1882822 | C1007: 43901 | D1007: 62 | E1007: 29435.484 | F1007: 2 | G1007: 2 | H1007: 23.1 | I1007: 8 | J1007: 1 | K1007: 5 | L1007: 1 | M1007: 0 | N1007: 0 | O1007: 1 | P1007: 74 | Q1007: 0 | R1007: 5 | S1007: 1 | T1007: 1 | U1007: 2 | V1007: 6 | W1007: 3 | X1007: 3 | Y1007: 620 | Z1007: 1942.3746 | AA1007: 1612.6002 | AB1007: 1459.2784 | AC1007: 1892.0987 | AD1007: 4 | AE1007: 8 | AF1007: 5 | AG1007: =_xlfn.XLOOKUP(A1007,Sheet1!A:A,Sheet1!U:U,) -> 56.158529 | AH1007: =_xlfn.XLOOKUP(A1007,Sheet1!A:A,Sheet1!V:V,) -> 10.183245
A1008: Strandparken 17, 1. tv, 8000 Aarhus C | B1008: 3094018 | C1008: 43901 | D1008: 71 | E1008: 42239.437 | F1008: 1 | G1008: 6 | H1008: 15.1 | I1008: 2 | J1008: 0 | K1008: 1 | L1008: 1 | M1008: 1 | N1008: 1 | O1008: 1 | P1008: 86 | Q1008: 0 | R1008: 3 | S1008: 1 | T1008: 1 | U1008: 2 | V1008: 6 | W1008: 6 | X1008: 3 | Y1008: 1653 | Z1008: 1051.0349 | AA1008: 645.95677 | AB1008: 1359.3585 | AC1008: 440.18493 | AD1008: 5 | AE1008: 2 | AF1008: 2.5 | AG1008: =_xlfn.XLOOKUP(A1008,Sheet1!A:A,Sheet1!U:U,) -> 56.144593 | AH1008: =_xlfn.XLOOKUP(A1008,Sheet1!A:A,Sheet1!V:V,) -> 10.206446
A1009: Mariane Thomsens Gade 52, 4, 8000 Aarhus C | B1009: 7219719 | C1009: 43901 | D1009: 170 | E1009: 41164.706 | F1009: 4 | G1009: 8 | H1009: 3.8 | I1009: 1 | J1009: 1 | K1009: 1 | L1009: 1 | M1009: 0 | N1009: 1 | O1009: 1 | P1009: 8 | Q1009: 0 | R1009: 5 | S1009: 2 | T1009: 2 | U1009: 4 | V1009: 1 | W1009: 1 | X1009: 3 | Y1009: 2161 | Z1009: 1638.3557 | AA1009: 2233.938 | AB1009: 1686.2055 | AC1009: 407.73383 | AD1009: 10 | AE1009: 10 | AF1009: 10 | AG1009: =_xlfn.XLOOKUP(A1009,Sheet1!A:A,Sheet1!U:U,) -> 56.164682 | AH1009: =_xlfn.XLOOKUP(A1009,Sheet1!A:A,Sheet1!V:V,) -> 10.229812
A1010: Fynsgade 30B, st, 8000 Aarhus C | B1010: 3213693 | C1010: 43901 | D1010: 76 | E1010: 40986.842 | F1010: 0 | G1010: 5 | H1010: 33.9 | I1010: 6 | J1010: 1 | K1010: 1 | L1010: 1 | M1010: 0 | N1010: 0 | O1010: 1 | P1010: 121 | Q1010: 1 | R1010: 2 | S1010: 1 | T1010: 1 | U1010: 3 | V1010: 6 | W1010: 6 | X1010: 3 | Y1010: 164 | Z1010: 1441.0658 | AA1010: 1555.8649 | AB1010: 897.83221 | AC1010: 1000.7864 | AD1010: 4 | AE1010: 9 | AF1010: 0 | AG1010: =_xlfn.XLOOKUP(A1010,Sheet1!A:A,Sheet1!U:U,) -> 56.164075 | AH1010: =_xlfn.XLOOKUP(A1010,Sheet1!A:A,Sheet1!V:V,) -> 10.20031
A1011: Helga Pedersens Gade 7, 3. 1, 8000 Aarhus C | B1011: 5055248 | C1011: 43901 | D1011: 113 | E1011: 43362.832 | F1011: 3 | G1011: 8 | H1011: 2.8 | I1011: 1 | J1011: 1 | K1011: 1 | L1011: 1 | M1011: 0 | N1011: 1 | O1011: 1 | P1011: 7 | Q1011: 0 | R1011: 10 | S1011: 1 | T1011: 1 | U1011: 3 | V1011: 2 | W1011: 5 | X1011: 3 | Y1011: 13434 | Z1011: 1814.3651 | AA1011: 2395.6015 | AB1011: 1807.6977 | AC1011: 427.01879 | AD1011: 6 | AE1011: 10 | AF1011: 7.5 | AG1011: =_xlfn.XLOOKUP(A1011,Sheet1!A:A,Sheet1!U:U,) -> 56.166706 | AH1011: =_xlfn.XLOOKUP(A1011,Sheet1!A:A,Sheet1!V:V,) -> 10.229692
A1012: Kriegersvej 19, 1. 9, 8000 Aarhus C | B1012: 2063366 | C1012: 43899 | D1012: 63 | E1012: 31746.032 | F1012: 1 | G1012: 7 | H1012: 17 | I1012: 5 | J1012: 0 | K1012: 1 | L1012: 1 | M1012: 1 | N1012: 1 | O1012: 1 | P1012: 146 | Q1012: 1 | R1012: 3 | S1012: 1 | T1012: 1 | U1012: 2 | V1012: 6 | W1012: 3 | X1012: 3 | Y1012: 2010 | Z1012: 905.34317 | AA1012: 310.56041 | AB1012: 859.73625 | AC1012: 889.30821 | AD1012: 5 | AE1012: 3 | AF1012: 2.5 | AG1012: =_xlfn.XLOOKUP(A1012,Sheet1!A:A,Sheet1!U:U,) -> 56.150109 | AH1012: =_xlfn.XLOOKUP(A1012,Sheet1!A:A,Sheet1!V:V,) -> 10.199668
A1013: Søgade 1B, 3. tv, 8000 Aarhus C | B1013: 2166535 | C1013: 43899 | D1013: 47 | E1013: 44680.851 | F1013: 3 | G1013: 7 | H1013: 16.4 | I1013: 5 | J1013: 0 | K1013: 4 | L1013: 1 | M1013: 0 | N1013: 0 | O1013: 1 | P1013: 15 | Q1013: 0 | R1013: 4 | S1013: 1 | T1013: 1 | U1013: 2 | V1013: 6 | W1013: 3 | X1013: 3 | Y1013: 472 | Z1013: 977.19216 | AA1013: 387.83792 | AB1013: 900.95609 | AC1013: 966.02365 | AD1013: 5 | AE1013: 3 | AF1013: 7.5 | AG1013: =_xlfn.XLOOKUP(A1013,Sheet1!A:A,Sheet1!U:U,) -> 56.150107 | AH1013: =_xlfn.XLOOKUP(A1013,Sheet1!A:A,Sheet1!V:V,) -> 10.198419
A1014: Sønderport 3, 2. tv, 8000 Aarhus C | B1014: 2785545 | C1014: 43898 | D1014: 92 | E1014: 29347.826 | F1014: 2 | G1014: 1 | H1014: 14.9 | I1014: 2 | J1014: 1 | K1014: 1 | L1014: 1 | M1014: 0 | N1014: 1 | O1014: 1 | P1014: 83 | Q1014: 1 | R1014: 5 | S1014: 1 | T1014: 1 | U1014: 3 | V1014: 6 | W1014: 3 | X1014: 3 | Y1014: 840 | Z1014: 2359.9944 | AA1014: 1745.7689 | AB1014: 2355.1533 | AC1014: 1687.9184 | AD1014: 5 | AE1014: 4 | AF1014: 5 | AG1014: =_xlfn.XLOOKUP(A1014,Sheet1!A:A,Sheet1!U:U,) -> 56.140067 | AH1014: =_xlfn.XLOOKUP(A1014,Sheet1!A:A,Sheet1!V:V,) -> 10.183346
A1015: Fredensgade 32A, 1, 8000 Aarhus C | B1015: 2218119 | C1015: 43898 | D1015: 59 | E1015: 36440.678 | F1015: 1 | G1015: 8 | H1015: 6.5 | I1015: 1 | J1015: 0 | K1015: 1 | L1015: 1 | M1015: 0 | N1015: 1 | O1015: 1 | P1015: 103 | Q1015: 1 | R1015: 3 | S1015: 1 | T1015: 1 | U1015: 2 | V1015: 6 | W1015: 6 | X1015: 3 | Y1015: 181 | Z1015: 306.65917 | AA1015: 374.4467 | AB1015: 430.7358 | AC1015: 356.91125 | AD1015: 4 | AE1015: 3 | AF1015: 2.5 | AG1015: =_xlfn.XLOOKUP(A1015,Sheet1!A:A,Sheet1!U:U,) -> 56.15304 | AH1015: =_xlfn.XLOOKUP(A1015,Sheet1!A:A,Sheet1!V:V,) -> 10.208191
A1016: Åboulevarden 51B, st. tv, 8000 Aarhus C | B1016: 2783481 | C1016: 43898 | D1016: 100 | E1016: 26980 | F1016: 0 | G1016: 7 | H1016: 6.3 | I1016: 5 | J1016: 1 | K1016: 1 | L1016: 1 | M1016: 0 | N1016: 1 | O1016: 1 | P1016: 76 | Q1016: 1 | R1016: 3 | S1016: 2 | T1016: 1 | U1016: 3 | V1016: 6 | W1016: 4 | X1016: 3 | Y1016: 600 | Z1016: 590.84022 | AA1016: 625.25333 | AB1016: 144.36813 | AC1016: 533.31951 | AD1016: 4 | AE1016: 3 | AF1016: 0 | AG1016: =_xlfn.XLOOKUP(A1016,Sheet1!A:A,Sheet1!U:U,) -> 56.155926 | AH1016: =_xlfn.XLOOKUP(A1016,Sheet1!A:A,Sheet1!V:V,) -> 10.204866
A1017: Valdemars Have 7, 2. tv, 8000 Aarhus C | B1017: 4848911 | C1017: 43898 | D1017: 125 | E1017: 37600 | F1017: 2 | G1017: 7 | H1017: 12.9 | I1017: 5 | J1017: 1 | K1017: 1 | L1017: 1 | M1017: 0 | N1017: 1 | O1017: 1 | P1017: 2 | Q1017: 0 | R1017: 6 | S1017: 1 | T1017: 1 | U1017: 4 | V1017: 6 | W1017: 2 | X1017: 3 | Y1017: 1908 | Z1017: 1032.3032 | AA1017: 494.2938 | AB1017: 863.00527 | AC1017: 1081.9323 | AD1017: 8 | AE1017: 3 | AF1017: 5 | AG1017: =_xlfn.XLOOKUP(A1017,Sheet1!A:A,Sheet1!U:U,) -> 56.151248 | AH1017: =_xlfn.XLOOKUP(A1017,Sheet1!A:A,Sheet1!V:V,) -> 10.196871
... A1539: Carl Blochs Gade 43, 2. 4, 8000 Aarhus C | B1539: 3714059 | C1539: 43703 | D1539: 89 | E1539: 40449.438 | F1539: 2 | G1539: 7 | H1539: 2.9 | I1539: 5 | J1539: 1 | K1539: 4 | L1539: 1 | M1539: 0 | N1539: 1 | O1539: 1 | P1539: 1 | Q1539: 0 | R1539: 7 | S1539: 1 | T1539: 1 | U1539: 4 | V1539: 6 | W1539: 5 | X1539: 3 | Y1539: 5014 | Z1539: 1239.2238 | AA1539: 834.17191 | AB1539: 876.78613 | AC1539: 1255.3679 | AD1539: 8 | AE1539: 3 | AF1539: 5 | AG1539: =_xlfn.XLOOKUP(A1539,Sheet1!A:A,Sheet1!U:U,) -> 56.15424 | AH1539: =_xlfn.XLOOKUP(A1539,Sheet1!A:A,Sheet1!V:V,) -> 10.193208
A1540: Klostergade 19, 1. 10, 8000 Aarhus C | B1540: 1464990 | C1540: 43700 | D1540: 34 | E1540: 41764.706 | F1540: 1 | G1540: 7 | H1540: 3.4 | I1540: 1 | J1540: 0 | K1540: 1 | L1540: 1 | P1540: 22 | Q1540: 0 | R1540: 4 | S1540: 1 | T1540: 1 | U1540: 1 | V1540: 6 | W1540: 6 | X1540: 3 | Y1540: 1394 | Z1540: 694.4463 | AA1540: 983.33038 | AB1540: 257.51672 | AC1540: 353.04305 | AD1540: 6 | AE1540: 5 | AF1540: 2.5 | AG1540: =_xlfn.XLOOKUP(A1540,Sheet1!A:A,Sheet1!U:U,) -> 56.158907 | AH1540: =_xlfn.XLOOKUP(A1540,Sheet1!A:A,Sheet1!V:V,) -> 10.208311
A1541: Mejlgade 89, 1. th, 8000 Aarhus C | B1541: 3053782 | C1541: 43699 | D1541: 71 | E1541: 41690.141 | F1541: 1 | G1541: 8 | H1541: 3.6 | I1541: 1 | J1541: 0 | K1541: 1 | L1541: 1 | P1541: 121 | Q1541: 1 | R1541: 5 | S1541: 1 | T1541: 1 | U1541: 3 | V1541: 6 | W1541: 3 | X1541: 3 | Y1541: 720 | Z1541: 973.76613 | AA1541: 1437.6853 | AB1541: 760.88234 | AC1541: 90.289734 | AD1541: 4 | AE1541: 7 | AF1541: 2.5 | AG1541: =_xlfn.XLOOKUP(A1541,Sheet1!A:A,Sheet1!U:U,) -> 56.161981 | AH1541: =_xlfn.XLOOKUP(A1541,Sheet1!A:A,Sheet1!V:V,) -> 10.214593
A1542: Lundbyesgade 24, 5, 8000 Aarhus C | B1542: 3579941 | C1542: 43699 | D1542: 82 | E1542: 42317.073 | F1542: 5 | G1542: 7 | H1542: 2.5 | I1542: 5 | J1542: 0 | K1542: 1 | L1542: 1 | M1542: 1 | N1542: 1 | O1542: 1 | P1542: 101 | Q1542: 0 | R1542: 5 | S1542: 1 | T1542: 1 | U1542: 3 | V1542: 6 | W1542: 3 | X1542: 3 | Y1542: 588 | Z1542: 1144.7698 | AA1542: 789.29774 | AB1542: 758.03061 | AC1542: 1152.9998 | AD1542: 4 | AE1542: 3 | AF1542: 12.5 | AG1542: =_xlfn.XLOOKUP(A1542,Sheet1!A:A,Sheet1!U:U,) -> 56.154841 | AH1542: =_xlfn.XLOOKUP(A1542,Sheet1!A:A,Sheet1!V:V,) -> 10.194871
A1543: Vestervang 33, 6. tv, 8000 Aarhus C | B1543: 3670729 | C1543: 43698 | D1543: 94 | E1543: 37851.064 | F1543: 6 | G1543: 5 | H1543: 41.7 | I1543: 4 | J1543: 0 | K1543: 1 | L1543: 1 | M1543: 1 | N1543: 0 | O1543: 1 | P1543: 38 | Q1543: 0 | R1543: 7 | S1543: 1 | T1543: 1 | U1543: 3 | V1543: 2 | W1543: 5 | X1543: 3 | Y1543: 14130 | Z1543: 1830.7072 | AA1543: 1777.0475 | AB1543: 1266.0376 | AC1543: 1531.382 | AD1543: 5 | AE1543: 8 | AF1543: 15 | AG1543: =_xlfn.XLOOKUP(A1543,Sheet1!A:A,Sheet1!U:U,) -> 56.164505 | AH1543: =_xlfn.XLOOKUP(A1543,Sheet1!A:A,Sheet1!V:V,) -> 10.191551
A1544: Nordborggade 14, 5. th, 8000 Aarhus C | B1544: 1820921 | C1544: 43698 | D1544: 50 | E1544: 35300 | F1544: 5 | G1544: 1 | H1544: 19.3 | I1544: 3 | J1544: 1 | K1544: 1 | L1544: 1 | M1544: 0 | N1544: 0 | O1544: 1 | P1544: 77 | Q1544: 0 | R1544: 5 | S1544: 1 | T1544: 1 | U1544: 2 | V1544: 6 | W1544: 3 | X1544: 3 | Y1544: 710 | Z1544: 1906.5581 | AA1544: 1287.8815 | AB1544: 1833.6402 | AC1544: 1667.2947 | AD1544: 4 | AE1544: 4 | AF1544: 12.5 | AG1544: =_xlfn.XLOOKUP(A1544,Sheet1!A:A,Sheet1!U:U,) -> 56.144723 | AH1544: =_xlfn.XLOOKUP(A1544,Sheet1!A:A,Sheet1!V:V,) -> 10.186476
A1545: Vestre Ringgade 226, 5. tv, 8000 Aarhus C | B1545: 1495941 | C1545: 43698 | D1545: 57 | E1545: 25438.596 | F1545: 5 | G1545: 5 | H1545: 50.1 | I1545: 4 | J1545: 1 | K1545: 5 | L1545: 1 | M1545: 1 | N1545: 1 | O1545: 1 | P1545: 71 | Q1545: 0 | R1545: 6 | S1545: 1 | T1545: 1 | U1545: 2 | V1545: 6 | W1545: 3 | X1545: 3 | Y1545: 1093 | Z1545: 2102.404 | AA1545: 2224.7992 | AB1545: 1570.7214 | AC1545: 1454.9644 | AD1545: 4 | AE1545: 9 | AF1545: 12.5 | AG1545: =_xlfn.XLOOKUP(A1545,Sheet1!A:A,Sheet1!U:U,) -> 56.169798 | AH1545: =_xlfn.XLOOKUP(A1545,Sheet1!A:A,Sheet1!V:V,) -> 10.1967
A1546: Gebauersgade 8, st. 4, 8000 Aarhus C | B1546: 1583634 | C1546: 43698 | D1546: 51 | E1546: 30098.039 | F1546: 0 | G1546: 7 | H1546: 4.5 | I1546: 5 | J1546: 0 | K1546: 1 | L1546: 1 | M1546: 0 | N1546: 1 | O1546: 1 | P1546: 33 | Q1546: 1 | R1546: 3 | S1546: 1 | T1546: 1 | U1546: 1 | V1546: 6 | W1546: 3 | X1546: 3 | Y1546: 2244 | Z1546: 1126.6066 | AA1546: 596.56402 | AB1546: 922.67214 | AC1546: 1175.1473 | AD1546: 5 | AE1546: 3 | AF1546: 0 | AG1546: =_xlfn.XLOOKUP(A1546,Sheet1!A:A,Sheet1!U:U,) -> 56.151427 | AH1546: =_xlfn.XLOOKUP(A1546,Sheet1!A:A,Sheet1!V:V,) -> 10.195253
A1547: Samsøgade 94, st, 8000 Aarhus C | B1547: 2212960 | C1547: 43698 | D1547: 54 | E1547: 39722.222 | F1547: 0 | G1547: 5 | H1547: 16.8 | I1547: 6 | J1547: 1 | K1547: 3 | L1547: 1 | M1547: 0 | N1547: 0 | O1547: 1 | P1547: 124 | Q1547: 1 | R1547: 3 | S1547: 1 | T1547: 1 | U1547: 2 | V1547: 6 | W1547: 4 | X1547: 3 | Y1547: 165 | Z1547: 1252.3343 | AA1547: 1310.3758 | AB1547: 691.45151 | AC1547: 944.06229 | AD1547: 4 | AE1547: 9 | AF1547: 0 | AG1547: =_xlfn.XLOOKUP(A1547,Sheet1!A:A,Sheet1!U:U,) -> 56.161778 | AH1547: =_xlfn.XLOOKUP(A1547,Sheet1!A:A,Sheet1!V:V,) -> 10.199899
A1548: Irma Pedersens Gade 99, 7. mf, 8000 Aarhus C | B1548: 2991881 | C1548: 43698 | D1548: 58 | E1548: 50000 | F1548: 7 | G1548: 8 | H1548: 1.8 | I1548: 1 | J1548: 1 | K1548: 1 | L1548: 1 | M1548: 0 | N1548: 1 | O1548: 1 | P1548: 2 | Q1548: 0 | R1548: 17 | S1548: 1 | T1548: 1 | U1548: 2 | V1548: 2 | W1548: 5 | X1548: 3 | Y1548: 32178 | Z1548: 1432.2029 | AA1548: 2035.9511 | AB1548: 1523.8642 | AC1548: 245.49185 | AD1548: 8 | AE1548: 10 | AF1548: 17.5 | AG1548: =_xlfn.XLOOKUP(A1548,Sheet1!A:A,Sheet1!U:U,) -> 56.162769 | AH1548: =_xlfn.XLOOKUP(A1548,Sheet1!A:A,Sheet1!V:V,) -> 10.228704
A1549: Vestre Ringgade 216, 1. tv, 8000 Aarhus C | B1549: 2412075 | C1549: 43698 | D1549: 73 | E1549: 32027.397 | F1549: 1 | G1549: 5 | H1549: 51.4 | I1549: 4 | J1549: 1 | K1549: 5 | L1549: 1 | M1549: 0 | N1549: 1 | O1549: 1 | P1549: 71 | Q1549: 0 | R1549: 5 | S1549: 1 | T1549: 1 | U1549: 2 | V1549: 6 | W1549: 3 | X1549: 3 | Y1549: 1480 | Z1549: 2102.3772 | AA1549: 2200.1788 | AB1549: 1562.0994 | AC1549: 1501.2658 | AD1549: 5 | AE1549: 8 | AF1549: 2.5 | AG1549: =_xlfn.XLOOKUP(A1549,Sheet1!A:A,Sheet1!U:U,) -> 56.169401 | AH1549: =_xlfn.XLOOKUP(A1549,Sheet1!A:A,Sheet1!V:V,) -> 10.195474
A1550: P.P. Ørums Gade 12, 2. tv, 8000 Aarhus C | B1550: 2605000 | C1550: 43697 | D1550: 70 | E1550: 36071.429 | F1550: 2 | G1550: 4 | H1550: 17.9 | I1550: 2 | J1550: 1 | K1550: 3 | L1550: 1 | M1550: 1 | N1550: 1 | O1550: 1 | P1550: 86 | Q1550: 1 | R1550: 5 | S1550: 1 | T1550: 1 | U1550: 2 | V1550: 6 | W1550: 3 | X1550: 3 | Y1550: 809 | Z1550: 1885.4906 | AA1550: 1294.5286 | AB1550: 1974.1112 | AC1550: 1206.3889 | AD1550: 4 | AE1550: 4 | AF1550: 5 | AG1550: =_xlfn.XLOOKUP(A1550,Sheet1!A:A,Sheet1!U:U,) -> 56.140984 | AH1550: =_xlfn.XLOOKUP(A1550,Sheet1!A:A,Sheet1!V:V,) -> 10.192192
A1551: Ceresbyen 54, st. 1, 8000 Aarhus C | B1551: 3868812 | C1551: 43697 | D1551: 97 | E1551: 38659.794 | F1551: 0 | G1551: 7 | H1551: 9.6 | I1551: 8 | J1551: 1 | K1551: 1 | L1551: 1 | M1551: 0 | N1551: 0 | O1551: 1 | P1551: 3 | Q1551: 0 | R1551: 4 | S1551: 1 | T1551: 1 | U1551: 3 | V1551: 6 | W1551: 6 | X1551: 3 | Y1551: 2450 | Z1551: 1290.881 | AA1551: 990.26409 | AB1551: 837.20247 | AC1551: 1263.9352 | AD1551: 8 | AE1551: 1 | AF1551: 0 | AG1551: =_xlfn.XLOOKUP(A1551,Sheet1!A:A,Sheet1!U:U,) -> 56.156441 | AH1551: =_xlfn.XLOOKUP(A1551,Sheet1!A:A,Sheet1!V:V,) -> 10.193091
A1552: Rudolph Wulffs Gade 17, kl. th, 8000 Aarhus C | B1552: 1547525 | C1552: 43697 | D1552: 60 | E1552: 25000 | F1552: -1 | G1552: 1 | H1552: 14.9 | I1552: 2 | J1552: 1 | K1552: 3 | L1552: 1 | M1552: 0 | N1552: 0 | O1552: 1 | P1552: 68 | Q1552: 1 | R1552: 4 | S1552: 1 | T1552: 1 | U1552: 2 | V1552: 6 | W1552: 3 | X1552: 3 | Y1552: 1448 | Z1552: 2340.5133 | AA1552: 1728.8989 | AB1552: 2350.3185 | AC1552: 1631.6332 | AD1552: 3 | AE1552: 6 | AF1552: -2.5 | AG1552: =_xlfn.XLOOKUP(A1552,Sheet1!A:A,Sheet1!U:U,) -> 56.139767 | AH1552: =_xlfn.XLOOKUP(A1552,Sheet1!A:A,Sheet1!V:V,) -> 10.184192
A1553: Museumsgade 20, 4. th, 8000 Aarhus C | B1553: 2094317 | C1553: 43697 | D1553: 53 | E1553: 38301.887 | F1553: 4 | G1553: 7 | H1553: 2 | I1553: 5 | J1553: 0 | K1553: 3 | L1553: 1 | M1553: 1 | N1553: 1 | O1553: 1 | P1553: 106 | Q1553: 1 | R1553: 5 | S1553: 1 | T1553: 1 | U1553: 2 | V1553: 6 | W1553: 3 | X1553: 3 | Y1553: 807 | Z1553: 1019.1353 | AA1553: 794.128 | AB1553: 561.48057 | AC1553: 985.00697 | AD1553: 4 | AE1553: 3 | AF1553: 10 | AG1553: =_xlfn.XLOOKUP(A1553,Sheet1!A:A,Sheet1!U:U,) -> 56.156252 | AH1553: =_xlfn.XLOOKUP(A1553,Sheet1!A:A,Sheet1!V:V,) -> 10.197577
... A2812: Møllevejen 23, 1. th, 8000 Aarhus C | B2812: 3378762 | C2812: 43221 | D2812: 108 | E2812: 30324.074 | F2812: 1 | G2812: 5 | H2812: 19.9 | I2812: 5 | J2812: 0 | K2812: 1 | L2812: 1 | M2812: 0 | N2812: 1 | O2812: 1 | P2812: 52 | Q2812: 1 | R2812: 4 | S2812: 1 | T2812: 1 | U2812: 4 | V2812: 6 | W2812: 5 | X2812: 3 | Y2812: 3114 | Z2812: 1338.066 | AA2812: 1179.9901 | AB2812: 803.46393 | AC2812: 1214.1478 | AD2812: 5 | AE2812: 9 | AF2812: 2.5 | AG2812: =_xlfn.XLOOKUP(A2812,Sheet1!A:A,Sheet1!U:U,) -> 56.159226 | AH2812: =_xlfn.XLOOKUP(A2812,Sheet1!A:A,Sheet1!V:V,) -> 10.19437
A2813: Marselis Boulevard 34, 14. mf, 8000 Aarhus C | B2813: 1439198 | C2813: 43221 | D2813: 46 | E2813: 30326.087 | F2813: 14 | G2813: 4 | H2813: 14.7 | I2813: 2 | J2813: 0 | K2813: 3 | L2813: 1 | P2813: 54 | Q2813: 0 | R2813: 14 | S2813: 1 | T2813: 1 | U2813: 1 | V2813: 4 | W2813: 6 | X2813: 3 | Y2813: 7840 | Z2813: 1624.0428 | AA2813: 1087.4274 | AB2813: 1811.6908 | AC2813: 867.87482 | AD2813: 5 | AE2813: 2 | AF2813: 35 | AG2813: =_xlfn.XLOOKUP(A2813,Sheet1!A:A,Sheet1!U:U,) -> 56.141161 | AH2813: =_xlfn.XLOOKUP(A2813,Sheet1!A:A,Sheet1!V:V,) -> 10.198517
A2814: Langelinieparken 3B, 2. 4, 8000 Aarhus C | B2814: 4513614 | C2814: 43221 | D2814: 99 | E2814: 44191.919 | F2814: 2 | G2814: 3 | H2814: 4.5 | I2814: 1 | J2814: 0 | K2814: 1 | L2814: 1 | M2814: 0 | N2814: 0 | O2814: 1 | P2814: 16 | Q2814: 0 | R2814: 3 | S2814: 1 | T2814: 1 | U2814: 3 | V2814: 2 | W2814: 5 | X2814: 3 | Y2814: 6161 | Z2814: 1696.149 | AA2814: 2192.6139 | AB2814: 1506.9711 | AC2814: 99.203891 | AD2814: 6 | AE2814: 7 | AF2814: 5 | AG2814: =_xlfn.XLOOKUP(A2814,Sheet1!A:A,Sheet1!U:U,) -> 56.167972 | AH2814: =_xlfn.XLOOKUP(A2814,Sheet1!A:A,Sheet1!V:V,) -> 10.22032
A2815: Marselisborg Allé 6B, 2, 8000 Aarhus C | B2815: 3755327 | C2815: 43220 | D2815: 81 | E2815: 44938.272 | F2815: 2 | G2815: 6 | H2815: 12.4 | I2815: 5 | J2815: 1 | K2815: 1 | L2815: 1 | M2815: 1 | N2815: 1 | O2815: 1 | P2815: 119 | Q2815: 0 | R2815: 4 | S2815: 1 | T2815: 1 | U2815: 3 | V2815: 6 | W2815: 4 | X2815: 3 | Y2815: 320 | Z2815: 702.06374 | AA2815: 321.7931 | AB2815: 998.91856 | AC2815: 410.4235 | AD2815: 4 | AE2815: 2 | AF2815: 5 | AG2815: =_xlfn.XLOOKUP(A2815,Sheet1!A:A,Sheet1!U:U,) -> 56.147841 | AH2815: =_xlfn.XLOOKUP(A2815,Sheet1!A:A,Sheet1!V:V,) -> 10.207363
A2816: Vestervang 34, 4. th, 8000 Aarhus C | B2816: 2527624 | C2816: 43220 | D2816: 73 | E2816: 33561.644 | F2816: 4 | G2816: 5 | H2816: 41.7 | I2816: 4 | J2816: 0 | K2816: 1 | L2816: 1 | M2816: 0 | N2816: 1 | O2816: 1 | P2816: 38 | Q2816: 0 | R2816: 7 | S2816: 1 | T2816: 1 | U2816: 2 | V2816: 2 | W2816: 5 | X2816: 3 | Y2816: 14130 | Z2816: 1845.8511 | AA2816: 1788.5472 | AB2816: 1281.2546 | AC2816: 1548.6347 | AD2816: 5 | AE2816: 8 | AF2816: 10 | AG2816: =_xlfn.XLOOKUP(A2816,Sheet1!A:A,Sheet1!U:U,) -> 56.164544 | AH2816: =_xlfn.XLOOKUP(A2816,Sheet1!A:A,Sheet1!V:V,) -> 10.191282
A2817: Hjelmensgade 4, 1. th, 8000 Aarhus C | B2817: 2197485 | C2817: 43220 | D2817: 73 | E2817: 29178.082 | F2817: 1 | G2817: 8 | H2817: 5.7 | I2817: 6 | J2817: 1 | K2817: 1 | L2817: 1 | M2817: 0 | N2817: 1 | O2817: 1 | P2817: 136 | Q2817: 0 | R2817: 3 | S2817: 1 | T2817: 1 | U2817: 3 | V2817: 6 | W2817: 3 | X2817: 3 | Y2817: 384 | Z2817: 955.53845 | AA2817: 1315.7879 | AB2817: 592.19465 | AC2817: 329.66039 | AD2817: 4 | AE2817: 9 | AF2817: 2.5 | AG2817: =_xlfn.XLOOKUP(A2817,Sheet1!A:A,Sheet1!U:U,) -> 56.161709 | AH2817: =_xlfn.XLOOKUP(A2817,Sheet1!A:A,Sheet1!V:V,) -> 10.210278
A2818: Nørre Allé 80, 3, 8000 Aarhus C | B2818: 2424455 | C2818: 43220 | D2818: 84 | E2818: 27976.19 | F2818: 3 | G2818: 7 | H2818: 4.6 | I2818: 6 | J2818: 0 | K2818: 5 | L2818: 1 | M2818: 0 | N2818: 0 | O2818: 1 | P2818: 128 | Q2818: 0 | R2818: 3 | S2818: 1 | T2818: 1 | U2818: 3 | V2818: 6 | W2818: 3 | X2818: 3 | Y2818: 276 | Z2818: 981.07701 | AA2818: 1040.5931 | AB2818: 416.57031 | AC2818: 752.00866 | AD2818: 3 | AE2818: 9 | AF2818: 7.5 | AG2818: =_xlfn.XLOOKUP(A2818,Sheet1!A:A,Sheet1!U:U,) -> 56.159539 | AH2818: =_xlfn.XLOOKUP(A2818,Sheet1!A:A,Sheet1!V:V,) -> 10.201992
A2819: Marselisborg Allé 31, kl, 8000 Aarhus C | B2819: 1882822 | C2819: 43220 | D2819: 46 | E2819: 39673.913 | F2819: -1 | G2819: 6 | H2819: 18.6 | I2819: 2 | J2819: 0 | K2819: 1 | L2819: 1 | M2819: 0 | N2819: 1 | O2819: 1 | P2819: 123 | Q2819: 1 | R2819: 4 | S2819: 1 | T2819: 1 | U2819: 2 | V2819: 6 | W2819: 3 | X2819: 3 | Y2819: 268 | Z2819: 859.76719 | AA2819: 447.79636 | AB2819: 1153.5044 | AC2819: 418.15822 | AD2819: 4 | AE2819: 2 | AF2819: -2.5 | AG2819: =_xlfn.XLOOKUP(A2819,Sheet1!A:A,Sheet1!U:U,) -> 56.146442 | AH2819: =_xlfn.XLOOKUP(A2819,Sheet1!A:A,Sheet1!V:V,) -> 10.206646
A2820: Skanderborgvej 40, 2. 3, 8000 Aarhus C | B2820: 1495941 | C2820: 43219 | D2820: 66 | E2820: 21969.697 | F2820: 2 | G2820: 1 | H2820: 17.6 | I2820: 3 | J2820: 1 | K2820: 4 | L2820: 1 | M2820: 0 | N2820: 0 | O2820: 1 | P2820: 61 | Q2820: 0 | R2820: 7 | S2820: 1 | T2820: 1 | U2820: 2 | V2820: 6 | W2820: 4 | X2820: 3 | Y2820: 2849 | Z2820: 2270.6794 | AA2820: 1653.5965 | AB2820: 2247.4359 | AC2820: 1710.1149 | AD2820: 5 | AE2820: 4 | AF2820: 5 | AG2820: =_xlfn.XLOOKUP(A2820,Sheet1!A:A,Sheet1!U:U,) -> 56.141174 | AH2820: =_xlfn.XLOOKUP(A2820,Sheet1!A:A,Sheet1!V:V,) -> 10.183637
A2821: Carl Bertelsens Gade 1, 2. tv, 8000 Aarhus C | B2821: 2424455 | C2821: 43219 | D2821: 96 | E2821: 24479.167 | F2821: 2 | G2821: 1 | H2821: 21.3 | I2821: 2 | J2821: 1 | K2821: 3 | L2821: 1 | M2821: 0 | N2821: 0 | O2821: 1 | P2821: 87 | Q2821: 1 | R2821: 5 | S2821: 1 | T2821: 1 | U2821: 3 | V2821: 6 | W2821: 3 | X2821: 3 | Y2821: 1435 | Z2821: 1879.8552 | AA2821: 1265.0779 | AB2821: 1886.127 | AC2821: 1466.1163 | AD2821: 4 | AE2821: 4 | AF2821: 5 | AG2821: =_xlfn.XLOOKUP(A2821,Sheet1!A:A,Sheet1!U:U,) -> 56.1429 | AH2821: =_xlfn.XLOOKUP(A2821,Sheet1!A:A,Sheet1!V:V,) -> 10.189196
A2822: Jægergårdsgade 124, 3, 8000 Aarhus C | B2822: 3196154 | C2822: 43219 | D2822: 75 | E2822: 41306.667 | F2822: 3 | G2822: 6 | H2822: 12.1 | I2822: 5 | J2822: 1 | K2822: 3 | L2822: 1 | M2822: 0 | N2822: 0 | O2822: 1 | P2822: 129 | Q2822: 1 | R2822: 3 | S2822: 1 | T2822: 1 | U2822: 3 | V2822: 6 | W2822: 3 | X2822: 3 | Y2822: 246 | Z2822: 707.88559 | AA2822: 227.69204 | AB2822: 939.68183 | AC2822: 497.00413 | AD2822: 2 | AE2822: 2 | AF2822: 7.5 | AG2822: =_xlfn.XLOOKUP(A2822,Sheet1!A:A,Sheet1!U:U,) -> 56.148373 | AH2822: =_xlfn.XLOOKUP(A2822,Sheet1!A:A,Sheet1!V:V,) -> 10.205841
A2823: Kjeld Tolstrups Gade 16, 3. mf, 8000 Aarhus C | B2823: 2321287 | C2823: 43219 | D2823: 53 | E2823: 42452.83 | F2823: 3 | G2823: 7 | H2823: 2.9 | I2823: 5 | J2823: 1 | K2823: 3 | L2823: 1 | M2823: 0 | N2823: 1 | O2823: 1 | P2823: 1 | Q2823: 0 | R2823: 6 | S2823: 1 | T2823: 1 | U2823: 2 | V2823: 2 | W2823: 5 | X2823: 3 | Y2823: 3851 | Z2823: 1210.0023 | AA2823: 811.82244 | AB2823: 846.86728 | AC2823: 1225.4212 | AD2823: 8 | AE2823: 3 | AF2823: 7.5 | AG2823: =_xlfn.XLOOKUP(A2823,Sheet1!A:A,Sheet1!U:U,) -> 56.154287 | AH2823: =_xlfn.XLOOKUP(A2823,Sheet1!A:A,Sheet1!V:V,) -> 10.193689
A2824: Irma Pedersens Gade 15, 10. 2, 8000 Aarhus C | B2824: 2888713 | C2824: 43219 | D2824: 59 | E2824: 47457.627 | F2824: 10 | G2824: 8 | H2824: 1.9 | I2824: 1 | J2824: 1 | K2824: 1 | L2824: 1 | M2824: 0 | N2824: 1 | O2824: 1 | P2824: 2 | Q2824: 0 | R2824: 17 | S2824: 1 | T2824: 1 | U2824: 2 | V2824: 2 | W2824: 5 | X2824: 3 | Y2824: 32178 | Z2824: 1473.1527 | AA2824: 2069.0639 | AB2824: 1530.0307 | AC2824: 337.96614 | AD2824: 8 | AE2824: 10 | AF2824: 25 | AG2824: =_xlfn.XLOOKUP(A2824,Sheet1!A:A,Sheet1!U:U,) -> 56.163554 | AH2824: =_xlfn.XLOOKUP(A2824,Sheet1!A:A,Sheet1!V:V,) -> 10.228079
A2825: Christiansgade 8, kl, 8000 Aarhus C | B2825: 1728069 | C2825: 43218 | D2825: 70 | E2825: 23928.571 | F2825: -1 | G2825: 7 | H2825: 9.4 | I2825: 5 | J2825: 1 | K2825: 3 | L2825: 1 | M2825: 0 | N2825: 1 | O2825: 1 | P2825: 97 | Q2825: 0 | R2825: 5 | S2825: 1 | T2825: 1 | U2825: 2 | V2825: 6 | W2825: 3 | X2825: 3 | Y2825: 738 | Z2825: 675.45413 | AA2825: 502.59546 | AB2825: 346.78327 | AC2825: 677.58593 | AD2825: 3 | AE2825: 3 | AF2825: -2.5 | AG2825: =_xlfn.XLOOKUP(A2825,Sheet1!A:A,Sheet1!U:U,) -> 56.154663 | AH2825: =_xlfn.XLOOKUP(A2825,Sheet1!A:A,Sheet1!V:V,) -> 10.202515
... A3148: Esther Aggebos Gade 4, 3. 1, 8000 Aarhus C | B3148: 7221782 | C3148: 43101 | D3148: 198 | E3148: 35353.535 | F3148: 3 | G3148: 8 | H3148: -4 | I3148: 1 | J3148: 1 | K3148: 2 | L3148: 1 | M3148: 0 | N3148: 0 | O3148: 0 | P3148: 4 | Q3148: 1 | R3148: 10 | S3148: 2 | T3148: 2 | U3148: 4 | V3148: 2 | W3148: 5 | X3148: 3 | Y3148: 8692 | Z3148: 1679.1961 | AA3148: 2245.1647 | AB3148: 1634.7239 | AC3148: 255.49414 | AD3148: 7 | AE3148: 10 | AF3148: 7.5 | AG3148: =_xlfn.XLOOKUP(A3148,Sheet1!A:A,Sheet1!U:U,) -> 56.16635 | AH3148: =_xlfn.XLOOKUP(A3148,Sheet1!A:A,Sheet1!V:V,) -> 10.226619
